id;name;slug;city;type;status;source;phone;instagramUsername
690e02740b9deb654ef93ba7;SAPANCA KONAKLAMABLACK WHİTE BUNGALOW SAPANCA;sapanca-konaklamablack-whi-te-bungalow-sapanca;Sapanca;bungalov;approved;savibu;05321586885;sapancaakonaklama
690e02740b9deb654ef93bac;ZİRVE BUNGALOV  UZUNKUM ZİRVE BUNGALOV;zi-rve-bungalov-uzunkum-zi-rve-bungalov;Sapanca;bungalov;approved;savibu;05314877301;sapancazirvebungalow
690e02740b9deb654ef93baf;NATURAL SELECTİON SAPANCA;natural-selecti-on-sapanca;Sapanca;bungalov;approved;savibu;05326478554;naturalselectionsapanca
690e02740b9deb654ef93bb0;SAPANCA ZİALAND;sapanca-zi-aland;Sapanca;bungalov;approved;savibu;05326568094;sapancazialand
690e02740b9deb654ef93bb1;MRV HİLL SAPANCA;mrv-hi-ll-sapanca;Sapanca;bungalov;approved;savibu;05443545478;mrvhillsapanca
690e02740b9deb654ef93bb3;RENKLİ EVLER  SAPANCA PREMİUM;renkli-evler-sapanca-premi-um;Sapanca;bungalov;approved;savibu;05323655496;renklievler.sapanca
690e02740b9deb654ef93bb7;YANIK LİFE BUNGALOV;yanik-li-fe-bungalov;Sapanca;bungalov;approved;savibu;05334541684;yaniklifebungalow
690e02740b9deb654ef93bb8;EMİL'S HOUSES;emi-l-s-houses;Sapanca;bungalov;approved;savibu;05336360850;emilshouses
690e02740b9deb654ef93bba;MAVİ BONCUK SERENİTY BUNGALOW;mavi-boncuk-sereni-ty-bungalow;Sapanca;bungalov;approved;savibu;05323965758;maviboncukserenitybungalow
690e02740b9deb654ef93bbd;VALİOSO SAPANCA;vali-oso-sapanca;Sapanca;bungalov;approved;savibu;05322608017;valiososapanca
690e02740b9deb654ef93bc2;BLOOM HİLL BUNGALOV SAPANCA;bloom-hi-ll-bungalov-sapanca;Sapanca;bungalov;approved;savibu;05376048928;bloomhillbungalov
690e02740b9deb654ef93bc3;SAPANCA SİRİUS NİGHT BUNGALOW;sapanca-si-ri-us-ni-ght-bungalow;Sapanca;bungalov;approved;savibu;05334935954;sapancasiriusbungalow
690e02740b9deb654ef93bc5;SWİSS HAUS SAPANCA;swi-ss-haus-sapanca;Sapanca;bungalov;approved;savibu;05324634748;swisshaussapanca
690e02740b9deb654ef93bca;CASA VERA VİLLA;casa-vera-vi-lla;Sapanca;bungalov;approved;savibu;05525114840;casaveravilla
690e02740b9deb654ef93bcb;SAPANCA DEREKÖŞK BUNGALOV;sapanca-derekosk-bungalov;Sapanca;bungalov;approved;savibu;05324088654;sapancaderekoskbungalov
690e02740b9deb654ef93bce;LAMASİA SUİTES BUNGALOV;lamasi-a-sui-tes-bungalov;Sapanca;bungalov;approved;savibu;05304014101;lamasiasapanca
690e02740b9deb654ef93bcf;GÜLÜM BUNGALOV;gulum-bungalov;Sapanca;bungalov;approved;savibu;05397850066;gulumbungalov
690e02740b9deb654ef93bd1;MFS VİLLA & BUNGALOV;mfs-vi-lla-bungalov;Sapanca;bungalov;approved;savibu;05400858997;sapancamfsvillabungalov
690e02740b9deb654ef93bd2;SAPANCA ELZA GÖLEVİ;sapanca-elza-golevi;Sapanca;bungalov;approved;savibu;05528536460;sapancaelzagolevi
690e02740b9deb654ef93bd3;BUNGAVİLLAS;bungavi-llas;Sapanca;bungalov;approved;savibu;05398567555;bungavillassapanca
690e02740b9deb654ef93bd4;SAPANCA SELİSA BUNGALOW;sapanca-seli-sa-bungalow;Sapanca;bungalov;approved;savibu;03588628723;sapancaselisabungalov
690e02740b9deb654ef93bd6;DOĞADA VİEW;dogada-vi-ew;Sapanca;bungalov;approved;savibu;05066068455;dogadaview
690e02740b9deb654ef93bd8;SAPANCA YEŞİLVADİ DAĞ EVİ;sapanca-yesi-lvadi-dag-evi;Sapanca;bungalov;approved;savibu;05327071540;sapanca_yesilvadi_dagevi
690e02740b9deb654ef93bd9;SAPANCA GÖLKÖY BUNGALOV;sapanca-golkoy-bungalov;Sapanca;bungalov;approved;savibu;05442349554;sapancagolkoy
690e02740b9deb654ef93bde;GÖLVADİ RESORT;golvadi-resort;Sapanca;bungalov;approved;savibu;08502420054;golvadiresort
690e02740b9deb654ef93bdf;SAPANCA FAMİLY RESORT;sapanca-fami-ly-resort;Sapanca;bungalov;approved;savibu;05323640154;sapancafamilyresort
690e02740b9deb654ef93be1;RAVİNE BUNGALOV;ravi-ne-bungalov;Sapanca;bungalov;approved;savibu;05303399454;sapancaravinebungalow
690e02740b9deb654ef93be2;SAPANCA BUNGALOV GÖNÜL SOFRAM;sapanca-bungalov-gonul-sofram;Sapanca;bungalov;approved;savibu;05052111134;sapancagonulsoframtr
690e02740b9deb654ef93be3;MEŞELİKPARK BUNGALOV;meseli-kpark-bungalov;Sapanca;bungalov;approved;savibu;08503080454;sapancameselikpark
690e02740b9deb654ef93be5;LAKE VİEW HOUSE SAPANCA;lake-vi-ew-house-sapanca;Sapanca;bungalov;approved;savibu;05327356582;lakeviewhousesapanca
690e02740b9deb654ef93be6;STONE HOME SAPANCA  SAPANCA ELİTE BUNGALOW;stone-home-sapanca-sapanca-eli-te-bungalow;Sapanca;bungalov;approved;savibu;05339490054;stonehomesapanca
690e02740b9deb654ef93be7;SAPANCA NADİR BUNGALOV;sapanca-nadi-r-bungalov;Sapanca;bungalov;approved;savibu;05308993454;sapancanadirbungalov
690e02740b9deb654ef93be9;SAPANCA SİLVA BUNGALOV;sapanca-si-lva-bungalov;Sapanca;bungalov;approved;savibu;05333299022;sapancavillabungalov
690e02740b9deb654ef93bea;SAPANCA LİONSUİT;sapanca-li-onsui-t;Sapanca;bungalov;approved;savibu;05324700454;sapanca.lionsuit
690e02740b9deb654ef93beb;AcAr SUİT BUNGALOV;acar-sui-t-bungalov;Sapanca;bungalov;approved;savibu;;acarsuitbungalov
690e02740b9deb654ef93bec;TEN TİNY SAPANCA;ten-ti-ny-sapanca;Sapanca;bungalov;approved;savibu;05415941010;tentinysapanca
690e02740b9deb654ef93bed;BELLA VİSTA BUNGALOV;bella-vi-sta-bungalov;Sapanca;bungalov;approved;savibu;05448417742;bellavistabungalov
690e02740b9deb654ef93bef;SAPANCA FİTOS DELUXE  SAPANCA FİTOS BUNGALOV;sapanca-fi-tos-deluxe-sapanca-fi-tos-bungalov;Sapanca;bungalov;approved;savibu;05373701458;sapancafitosbungalov
690e02740b9deb654ef93bf2;SAPANCA SİLENTHİLL BUNGALOW;sapanca-si-lenthi-ll-bungalow;Sapanca;bungalov;approved;savibu;05517244872;sapancasilenthillbungalow
690e02740b9deb654ef93bf3;BATALİKOO TİNY HOUSE'S;batali-koo-ti-ny-house-s;Sapanca;bungalov;approved;savibu;905321731173;sapanca_batalikoo
690e02740b9deb654ef93bf6;SAPANCA KİBAR BUNGALOV;sapanca-ki-bar-bungalov;Sapanca;bungalov;approved;savibu;02645826565;sapancakibarbungalov
690e02740b9deb654ef93bf7;PELİT SAPANCA;peli-t-sapanca;Sapanca;bungalov;approved;savibu;05335130414;pelitsapancabungalov
690e02740b9deb654ef93bf8;B&B SAPANCA;b-b-sapanca;Sapanca;bungalov;approved;savibu;05313386416;bnbsapanca
690e02740b9deb654ef93bf9;DİLEKLİ BUNGALOV;di-lekli-bungalov;Sapanca;bungalov;approved;savibu;05424916186;sapancadileklibungalov
690e02740b9deb654ef93bfa;YÜKSEL BUNGALOVS;yuksel-bungalovs;Sapanca;bungalov;approved;savibu;05447312754;yukselbungolovs
690e02740b9deb654ef93bfd;SAPANCA VİLLAGGİO BUNGALOV;sapanca-vi-llaggi-o-bungalov;Sapanca;bungalov;approved;savibu;05382796581;sapancavillaggiobungalov
690e02740b9deb654ef93c01;STAR LİFE SAPANCA;star-li-fe-sapanca;Sapanca;bungalov;approved;savibu;05058885255;starlifesapanca
690e02740b9deb654ef93c03;VİSAL SAPANCA;vi-sal-sapanca;Sapanca;bungalov;approved;savibu;05324894154;visalsapanca
690e02740b9deb654ef93c08;KARAGÖL BUNGALOV;karagol-bungalov;Sapanca;bungalov;approved;savibu;05322523054;karagolbungalovs
690e02740b9deb654ef93c09;SİSORTİ SAPANCA;si-sorti-sapanca;Sapanca;bungalov;approved;savibu;05324091627;sisortisapancabungalov
690e02740b9deb654ef93c0b;EFTELYA TİNY HOUSE;eftelya-ti-ny-house;Sapanca;bungalov;approved;savibu;05324859985;eftelya.tinyhouse
690e02740b9deb654ef93c0e;ELİTE LİFE BUNGALOV  SAPANCA;eli-te-li-fe-bungalov-sapanca;Sapanca;bungalov;approved;savibu;05398437629;elitelifebungalov
690e02740b9deb654ef93c10;SAPANCA MAVİŞ BUNGALOV;sapanca-mavi-s-bungalov;Sapanca;bungalov;approved;savibu;05335547357;sapancamavisbungalov
690e02740b9deb654ef93c12;SAPANCA SİNDOMAN BUNGALOV;sapanca-si-ndoman-bungalov;Sapanca;bungalov;approved;savibu;05339696654;sindoman_bungalov
690e02740b9deb654ef93c13;HİLL HOUSE SAPANCA;hi-ll-house-sapanca;Sapanca;bungalov;approved;savibu;05398323345;hillhousesapanca
690e02740b9deb654ef93c14;DAY LİGHT SAPANCA;day-li-ght-sapanca;Sapanca;bungalov;approved;savibu;05302467702;daylightsapanca
690e02740b9deb654ef93c18;MOLEGİNZE DAĞ EVİ;molegi-nze-dag-evi;Sapanca;bungalov;approved;savibu;05337678722;moleginze.dagevi
690e02740b9deb654ef93c1a;MİYOS BUNGALOV SAPANCA;mi-yos-bungalov-sapanca;Sapanca;bungalov;approved;savibu;05442038982;miyosbungalov_sapanca
690e02740b9deb654ef93c1e;LOST PARADİSE DAĞ EVİ SAPANCA;lost-paradi-se-dag-evi-sapanca;Sapanca;bungalov;approved;savibu;05443545493;lostparadisedagevi
690e02740b9deb654ef93c22;SAPANCA BİZİM KONAK;sapanca-bi-zi-m-konak;Sapanca;bungalov;approved;savibu;905344813242;sapancabizimkonak
690e02740b9deb654ef93c23;ALPHA VİLLA SAPANCA;alpha-vi-lla-sapanca;Sapanca;bungalov;approved;savibu;05330259354;alphavillasapanca
690e02740b9deb654ef93c26;SAPANCA BİBER BUNGALOV;sapanca-bi-ber-bungalov;Sapanca;bungalov;approved;savibu;05322770739;sapancabiberbungalov
690e02740b9deb654ef93c27;SAPANCA FAVELA SUİT;sapanca-favela-sui-t;Sapanca;bungalov;approved;savibu;05318849497;sapancafavelasuit
690e02740b9deb654ef93c28;NİSH VADİ SAPANCA;ni-sh-vadi-sapanca;Sapanca;bungalov;approved;savibu;05303499699;nishvadi
690e02740b9deb654ef93c29;LİVOR BUNGALOV;li-vor-bungalov;Sapanca;bungalov;approved;savibu;05366057353;livorbungalov
690e02740b9deb654ef93c2f;TURKUAZ SAPANCA SUİT VİLLAS;turkuaz-sapanca-sui-t-vi-llas;Sapanca;bungalov;approved;savibu;05334178454;turkuazsapanca
690e02740b9deb654ef93c32;SAPANCA KONAK İLMİYE;sapanca-konak-i-lmi-ye;Sapanca;bungalov;approved;savibu;05305451706;konakilmiye
690e02740b9deb654ef93c38;ÇATI SAPANCA VİLLA RESORT;cati-sapanca-vi-lla-resort;Sapanca;bungalov;approved;savibu;05010827070;catisapanca
690e02740b9deb654ef93c3b;DAĞALTI BUNGALOV  DAĞALTI SUİT BUNGALOV;dagalti-bungalov-dagalti-sui-t-bungalov;Sapanca;bungalov;approved;savibu;05339502473;sapancadagaltisuite
690e02740b9deb654ef93c3c;SAPANCA GÖLGEM BUNGALOV;sapanca-golgem-bungalov;Sapanca;bungalov;approved;savibu;05396474177;sapancagolgembungalov
690e02740b9deb654ef93c3d;DOA BUTİK EVLER;doa-buti-k-evler;Sapanca;bungalov;approved;savibu;05385875794;doabutikevler
690e02740b9deb654ef93c3e;DOSA VİLLA SAPANCA;dosa-vi-lla-sapanca;Sapanca;bungalov;approved;savibu;05326762751;dosavillasapanca
690e02740b9deb654ef93c3f;AYAN BUNGALOV SAPANCA  SAPANCA VİLLA AYAN;ayan-bungalov-sapanca-sapanca-vi-lla-ayan;Sapanca;bungalov;approved;savibu;05397134801;ayanbungalovsapanca
690e02740b9deb654ef93c41;BİCA SUİT;bi-ca-sui-t;Sapanca;bungalov;approved;savibu;05384975054;sapancabicasuit
690e02740b9deb654ef93c43;MG SUİT BUNGALOV;mg-sui-t-bungalov;Sapanca;bungalov;approved;savibu;05527823254;mgsuitsapanca
690e02740b9deb654ef93c45;SAPANCA LORESİMA BUNGALOV;sapanca-loresi-ma-bungalov;Sapanca;bungalov;approved;savibu;05468963878;sapancaloresimabungalov
690e02740b9deb654ef93c48;SAPANCA ASTERİA BUNGALOV;sapanca-asteri-a-bungalov;Sapanca;bungalov;approved;savibu;05304166054;sapancaasteria
690e02740b9deb654ef93c4a;SAPANCA ELYSİAN HOUSES;sapanca-elysi-an-houses;Sapanca;bungalov;approved;savibu;05415925454;elysianhouses
690e02740b9deb654ef93c4b;SAPANCA ASPİRAS HOUSE;sapanca-aspi-ras-house;Sapanca;bungalov;approved;savibu;05521766437;sapancaaspirashouse
690e02740b9deb654ef93c4f;BİBAHA BUNGALOW SAPANCA;bi-baha-bungalow-sapanca;Sapanca;bungalov;approved;savibu;905312724454;bibahabungalowsapanca
690e02740b9deb654ef93c51;ENOVİS BUNGALOV SAPANCA;enovi-s-bungalov-sapanca;Sapanca;bungalov;approved;savibu;05322643899;enovisbungalovsapanca
690e02740b9deb654ef93c52;WHİTE STONE BUNGALOV SAPANCA;whi-te-stone-bungalov-sapanca;Sapanca;bungalov;approved;savibu;05071731491;whitestonebungalovsapanca
690e02740b9deb654ef93c59;MUCİZE BUNGALOV;muci-ze-bungalov;Sapanca;bungalov;approved;savibu;05454710328;mucizebungalov
690e02740b9deb654ef93c5b;ARMONİA BUNGALOV;armoni-a-bungalov;Sapanca;bungalov;approved;savibu;05335684154;armoniabungalows
690e02740b9deb654ef93c5c;GÜMÜŞ VADİ BUNGALOV;gumus-vadi-bungalov;Sapanca;bungalov;approved;savibu;05425477075;sapancagumusvadibungalov
690e02740b9deb654ef93c60;ADALİFE BUNGALOV;adali-fe-bungalov;Sapanca;bungalov;approved;savibu;05355554144;adalifebungalov
690e02740b9deb654ef93c61;SAPANCA GOLDEN LİFE SUİT BUNGALOV;sapanca-golden-li-fe-sui-t-bungalov;Sapanca;bungalov;approved;savibu;05058105454;sapancagoldenlifebungalov
690e02740b9deb654ef93c62;SAPANCA DAİSY BUNGALOW;sapanca-dai-sy-bungalow;Sapanca;bungalov;approved;savibu;05464263454;sapancadaisybungalow
690e02740b9deb654ef93c63;REYYAN BAHÇE  LİDYA BUNGALOVS;reyyan-bahce-li-dya-bungalovs;Sapanca;bungalov;approved;savibu;05434796442;sapancalidyabungalows
690e02740b9deb654ef93c64;ROOMY TİNY HOUSE;roomy-ti-ny-house;Sapanca;bungalov;approved;savibu;05327859680;roomytinyhouse
690e02740b9deb654ef93c67;ORLİN BUNGALOV;orli-n-bungalov;Sapanca;bungalov;approved;savibu;905382744354;sapancaorlinbungalov
690e02740b9deb654ef93c6a;DERİN HOUSE SAPANCA;deri-n-house-sapanca;Sapanca;bungalov;approved;savibu;05540181854;derinhousesapanca
690e02740b9deb654ef93c6b;TWİN BİRDS SAPANCA;twi-n-bi-rds-sapanca;Sapanca;bungalov;approved;savibu;05339179500;twinbirdsapanca
690e02740b9deb654ef93c6c;SAPANCA PİNE LİFE;sapanca-pi-ne-li-fe;Sapanca;bungalov;approved;savibu;05491227463;sapancapinelife
690e02740b9deb654ef93c6e;SAPANCA TRİO BUNGALOV;sapanca-tri-o-bungalov;Sapanca;bungalov;approved;savibu;05050425454;sapancatriobungalow
690e02740b9deb654ef93c70;BUNGALOV KEYİF;bungalov-keyi-f;Sapanca;bungalov;approved;savibu;05011555454;bungalovkeyif
690e02740b9deb654ef93c72;SAPANCA HİDALAL BUNGALOV;sapanca-hi-dalal-bungalov;Sapanca;bungalov;approved;savibu;05377264130;sapancahidalalbungalov
690e02740b9deb654ef93c74;SAPANCA OTTO SUİT BUNGALOV;sapanca-otto-sui-t-bungalov;Sapanca;bungalov;approved;savibu;05313036886;ottosuitbungalovsapanca
690e02740b9deb654ef93c76;ALİS PARADİSE BUNGALOV;ali-s-paradi-se-bungalov;Sapanca;bungalov;approved;savibu;05496915400;alisparadisebungalov
690e02740b9deb654ef93c78;NİOS BUNGALOV SAPANCA;ni-os-bungalov-sapanca;Sapanca;bungalov;approved;savibu;05364989997;niosbungalovsapanca
690e02740b9deb654ef93c79;LAVİNİA BUNGALOW;lavi-ni-a-bungalow;Sapanca;bungalov;approved;savibu;05377775848;laviniabungalowsapanca
690e02740b9deb654ef93c7a;ALP'İN BUNGALOV SAPANCA;alp-i-n-bungalov-sapanca;Sapanca;bungalov;approved;savibu;05541282746;alpin.bungalovsapanca
690e02740b9deb654ef93c7b;SİMA BUNGALOV SAPANCA;si-ma-bungalov-sapanca;Sapanca;bungalov;approved;savibu;05521413454;simabungalovsapanca
690e02740b9deb654ef93c7d;SAPANCA COCO SERENİTY BUNGALOV;sapanca-coco-sereni-ty-bungalov;Sapanca;bungalov;approved;savibu;05419704154;sapancacocoserenitybungalov
690e02740b9deb654ef93c7f;RİVA SAPANCA;ri-va-sapanca;Sapanca;bungalov;approved;savibu;05070193998;rivasapanca
690e02740b9deb654ef93c80;SAPANCA AYZA BUNGALOV;sapanca-ayza-bungalov;Sapanca;bungalov;approved;savibu;05320522820;sapanca_ayza.bungalov
690e02740b9deb654ef93c81;ZK WOODEN VİLLAGE;zk-wooden-vi-llage;Sapanca;bungalov;approved;savibu;05309107654;zkwoodenvillage
690e02740b9deb654ef93c83;JUNO BUNGALOVMAJALİS BUNGALOV;juno-bungalovmajali-s-bungalov;Sapanca;bungalov;approved;savibu;05356378370;junobungalovsapanca
690e02740b9deb654ef93c84;ARMONİ LİFE BUNGALOV;armoni-li-fe-bungalov;Sapanca;bungalov;approved;savibu;05313582584;armonilifebungalov
690e02740b9deb654ef93c85;SAPANCA EFENDY SUİT 2;sapanca-efendy-sui-t-2;Sapanca;bungalov;approved;savibu;05426530492;efendysuit
690e02740b9deb654ef93c86;SAPANCA MAVİ YEŞİL BUNGALOV;sapanca-mavi-yesi-l-bungalov;Sapanca;bungalov;approved;savibu;05336337782;sapancamaviyesilbungalov
690e02740b9deb654ef93c89;ÇİFTLİK BUNGALOV & RESTAURANT;ci-ftli-k-bungalov-restaurant;Sapanca;bungalov;approved;savibu;08503088418;sapancaciftlikbungalov
690e02740b9deb654ef93c8f;SAPANCA VİVA LA VİDA DAĞ EVİ;sapanca-vi-va-la-vi-da-dag-evi;Sapanca;bungalov;approved;savibu;05386432077;sapancavivalavida_dagevi
690e02740b9deb654ef93c90;GMA FAMİLY VİLLA & BUNGALOV;gma-fami-ly-vi-lla-bungalov;Sapanca;bungalov;approved;savibu;05316676856;gmafamilyvillabungalov
690e02740b9deb654ef93c91;CORNER LİFE BUNGALOW;corner-li-fe-bungalow;Sapanca;bungalov;approved;savibu;05497661771;sapancacornerlifebungalow
690e02740b9deb654ef93c92;VİTALİS SAPANCA BUNGALOV;vi-tali-s-sapanca-bungalov;Sapanca;bungalov;approved;savibu;05446759727;vitalissapanca
690e02740b9deb654ef93c93;STAY İN SAPANCA;stay-i-n-sapanca;Sapanca;bungalov;approved;savibu;05316413633;stayinsapanca
690e02740b9deb654ef93c94;SEBİLLA SAPANCA;sebi-lla-sapanca;Sapanca;bungalov;approved;savibu;05467969033;sebillasapanca
690e02740b9deb654ef93c9b;SAPANCA VANİLLA BUNGALOV;sapanca-vani-lla-bungalov;Sapanca;bungalov;approved;savibu;05358558431;sapancavanillabungalov
690e02740b9deb654ef93c9c;GÖL EVİM SAPANCA;gol-evi-m-sapanca;Sapanca;bungalov;approved;savibu;05301155454;golevimsapanca
690e02740b9deb654ef93c9d;SAPANCA MARİNE HOUSE;sapanca-mari-ne-house;Sapanca;bungalov;approved;savibu;05491215454;sapancamarinehouse
690e02740b9deb654ef93ca0;VİOLA RESORT SAPANCA;vi-ola-resort-sapanca;Sapanca;bungalov;approved;savibu;05468423906;violaresortsapanca
690e02740b9deb654ef93ca1;HİDDEN HEAVEN BUNGALOV;hi-dden-heaven-bungalov;Sapanca;bungalov;approved;savibu;05074121518;hiddenheavensapanca
690e02740b9deb654ef93ca3;TELESKOP SUİT;teleskop-sui-t;Sapanca;bungalov;approved;savibu;905300791503;sapancateleskopsuit
690e02740b9deb654ef93ca5;RİSE'N SHİNE BUNGALOW SAPANCA;ri-se-n-shi-ne-bungalow-sapanca;Sapanca;bungalov;approved;savibu;05421301654;shinesapanca
690e02740b9deb654ef93ca8;PİERRE ROR SAPANCA;pi-erre-ror-sapanca;Sapanca;bungalov;approved;savibu;05356175493;pierrerorsapanca
690e02740b9deb654ef93caa;SAPANCA LARA VİLLA BUNGALOW;sapanca-lara-vi-lla-bungalow;Sapanca;bungalov;approved;savibu;05337369909;larabungalowsapanca
690e02740b9deb654ef93cae;GREEN LİFE SAPANCA;green-li-fe-sapanca;Sapanca;bungalov;approved;savibu;05333748051;greenlifebagevi
690e02740b9deb654ef93cb2;SAPANCA MİMOZA GARDEN BUNGALOV;sapanca-mi-moza-garden-bungalov;Sapanca;bungalov;approved;savibu;05445304331;sapancamimozagardenbungalov
690e02740b9deb654ef93cb3;PYRAMİD SAPANCA;pyrami-d-sapanca;Sapanca;bungalov;approved;savibu;05326291715;pyramidsapanca
690e02740b9deb654ef93cb8;SAPANCA NO:1 BUNGALOW;sapanca-no-1-bungalow;Sapanca;bungalov;approved;savibu;05452549901;no1bungalow
690e02740b9deb654ef93cb9;SAPANCA HAPPY LİFE;sapanca-happy-li-fe;Sapanca;bungalov;approved;savibu;05364193411;sapancahappylife
690e02740b9deb654ef93cbe;SAPANCA GREEN LİKE BUNGALOV;sapanca-green-li-ke-bungalov;Sapanca;bungalov;approved;savibu;05383667884;sapancagreenlikebungalov
690e02740b9deb654ef93cbf;SERENDER KARADENİZ EVİ;serender-karadeni-z-evi;Sapanca;bungalov;approved;savibu;05375586346;serenderkaradenizevi
690e02740b9deb654ef93cc0;SAPANCA DESTİNA BUNGALOW;sapanca-desti-na-bungalow;Sapanca;bungalov;approved;savibu;05382134857;sapancadestinabungalow
690e02740b9deb654ef93cc2;BLİSS BUNGALOV;bli-ss-bungalov;Sapanca;bungalov;approved;savibu;05373496639;blissapancaa
690e02740b9deb654ef93cc4;LİNA BUNGALOV SAPANCA;li-na-bungalov-sapanca;Sapanca;bungalov;approved;savibu;05304811454;linabungalovsapanca
690e02740b9deb654ef93cc5;LA CASİTA BUNGALOW;la-casi-ta-bungalow;Sapanca;bungalov;approved;savibu;05535724169;lacasitabungalowsapanca
690e02740b9deb654ef93cc7;ÇINAR ÜSSÜ BUNGALOW;cinar-ussu-bungalow;Sapanca;bungalov;approved;savibu;05393259359;cinarussubungalow
690e02740b9deb654ef93cc8;MİLAGRO & SUENO SUİT BUNGALOW SAPANCA;mi-lagro-sueno-sui-t-bungalow-sapanca;Sapanca;bungalov;approved;savibu;05469295454;sapancamilagrosuitbungalow
690e02740b9deb654ef93cc9;SRN SUİTE & HOUSE;srn-sui-te-house;Sapanca;bungalov;approved;savibu;05451315454;sapancasrnsuite
690e02740b9deb654ef93cca;SAPANCA AKSA SUİT BUNGALOV;sapanca-aksa-sui-t-bungalov;Sapanca;bungalov;approved;savibu;05308922662;sapancaaksabungalov
690e02740b9deb654ef93ccb;SAPANCA AGİA BUNGALOV;sapanca-agi-a-bungalov;Sapanca;bungalov;approved;savibu;05425438303;sapancaagiabungalov
690e02740b9deb654ef93ccf;SAPANCA SAZLIGÖL BUNGALOV;sapanca-sazligol-bungalov;Sapanca;bungalov;approved;savibu;02645820011;sazligolbungalov
690e02740b9deb654ef93cd3;SAPANCA ÖZEN BUNGALOV;sapanca-ozen-bungalov;Sapanca;bungalov;approved;savibu;05453552928;sapancaozenbungalov
690e02740b9deb654ef93cd7;MAHMUDİYE RESORT;mahmudi-ye-resort;Sapanca;bungalov;approved;savibu;05326513912;mahmudiyeresort
690e02740b9deb654ef93cd9;SAPANCA SİLENCE BUNGALOV;sapanca-si-lence-bungalov;Sapanca;bungalov;approved;savibu;05010639620;sapancasilencebungalov
690e02740b9deb654ef93cdf;OASİS WOODEN HOUSE;oasi-s-wooden-house;Sapanca;bungalov;approved;savibu;05011614154;oasiswoodenhouse
690e02740b9deb654ef93ce2;GÜLER BUNGALOV;guler-bungalov;Sapanca;bungalov;approved;savibu;05393499742;gulerbungalov
690e02740b9deb654ef93ce3;NO:95 DELUXE BUNGALOV;no-95-deluxe-bungalov;Sapanca;bungalov;approved;savibu;905071819595;no95deluxebungalov
690e02740b9deb654ef93ce6;İNCE BUNGALOV;i-nce-bungalov;Sapanca;bungalov;approved;savibu;05301093054;sapancaincebungalow
690e02740b9deb654ef93ce9;BUNGALOV DEREİÇİ;bungalov-derei-ci;Sapanca;bungalov;approved;savibu;05306155441;bungalovdereici
690e02740b9deb654ef93ced;STAR HİLL SAPANCA;star-hi-ll-sapanca;Sapanca;bungalov;approved;savibu;05386174242;starhillsapanca
690e02740b9deb654ef93cee;ÇİNİLİ MAVİ KÖŞK;ci-ni-li-mavi-kosk;Sapanca;bungalov;approved;savibu;05415633037;cinilimavikosk
690e02740b9deb654ef93cf1;NORTH LİFE BUNGALOV SAPANCA;north-li-fe-bungalov-sapanca;Sapanca;bungalov;approved;savibu;05300948443;northlifebungalovsapanca
690e02740b9deb654ef93cf2;LİVADİ SAPANCA;li-vadi-sapanca;Sapanca;bungalov;approved;savibu;05345479753;livadisapanca
690e02740b9deb654ef93cf4;DİAVA SAPANCA;di-ava-sapanca;Sapanca;bungalov;approved;savibu;05300442826;diavasapanca
690e02740b9deb654ef93cf8;MİNTİNİ TAŞ EV;mi-nti-ni-tas-ev;Sapanca;bungalov;approved;savibu;05302094882;sapancamintinitasev
690e02740b9deb654ef93cfd;TİNY PALAS BUNGALOV EVLERİ;ti-ny-palas-bungalov-evleri;Sapanca;bungalov;approved;savibu;905072591818;tinypalas
690e02740b9deb654ef93d02;AYS SUİT BUNGALOV;ays-sui-t-bungalov;Sapanca;bungalov;approved;savibu;05316455145;ays.suitbungalov
690e02740b9deb654ef93d06;KEİL BUNGALOV;kei-l-bungalov;Sapanca;bungalov;approved;savibu;05344053454;keilbungalovsapanca
690e02740b9deb654ef93d07;BLUE WHİTE CAMPİNG BUNGALOV;blue-whi-te-campi-ng-bungalov;Sapanca;bungalov;approved;savibu;05330529541;bluewhitecamping_bungalow
690e02740b9deb654ef93d09;İSTANBULDERE BUNGALOV (Sıcak havuz & Jakuzi);i-stanbuldere-bungalov-sicak-havuz-jakuzi;Sapanca;bungalov;approved;savibu;05052105406;
690e02740b9deb654ef93d0c;SAPANCA OFİDİ BUNGALOV;sapanca-ofi-di-bungalov;Sapanca;bungalov;approved;savibu;05530176405;sapancaofidibungalov
690e02740b9deb654ef93d0f;MÜENBA BUNGALOW;muenba-bungalow;Sapanca;bungalov;approved;savibu;05343134644;sapancamuenbabungalow
690e02740b9deb654ef93d10;SAPANCA ÖZFER BUNGALOV;sapanca-ozfer-bungalov;Sapanca;bungalov;approved;savibu;0533231231905309016654;sapancaozferbungalov
690e02740b9deb654ef93d13;CABİN BUNGALOV SAPANCA;cabi-n-bungalov-sapanca;Sapanca;bungalov;approved;savibu;05398800870;sapancacabinbungalov
690e02740b9deb654ef93d15;SAPANCA JASMİNE BUNGALOV;sapanca-jasmi-ne-bungalov;Sapanca;bungalov;approved;savibu;05379133331;sapancajasminebungalov
690e02740b9deb654ef93d1a;MAMA'S PALACE BUNGALOW HOTEL;mama-s-palace-bungalow-hotel;Sapanca;bungalov;approved;savibu;05399474343;mamaspalace
690e02740b9deb654ef93d1b;SAPANCA WOOD SİDE BUNGALOV;sapanca-wood-si-de-bungalov;Sapanca;bungalov;approved;savibu;05320583654;sapancawoodsidebungalov
690e02740b9deb654ef93d1f;KÖYLÜ BUNGALOV CAFE RESTOURANT;koylu-bungalov-cafe-restourant;Sapanca;bungalov;approved;savibu;05325858247;koylubungalov
690e02740b9deb654ef93d21;PREMİUM GOLD SAPANCA;premi-um-gold-sapanca;Sapanca;bungalov;approved;savibu;05364994154;premiumgoldsapanca
690e02740b9deb654ef93d22;SANNORA SUİTE & RİTA HOUSE;sannora-sui-te-ri-ta-house;Sapanca;bungalov;approved;savibu;05308183747;sannorasuite
690e02740b9deb654ef93d23;SİMURG BUNGALOV;si-murg-bungalov;Sapanca;bungalov;approved;savibu;05052179608;sapancasimurgbungalov
690e02740b9deb654ef93d24;SAPANCA YEŞİL KÖY BUNGALOV;sapanca-yesi-l-koy-bungalov;Sapanca;bungalov;approved;savibu;05315058254;sapancayesilkoybungalov
690e02740b9deb654ef93d28;SAPANCA İMROZ VE POSEDİON;sapanca-i-mroz-ve-posedi-on;Sapanca;bungalov;approved;savibu;05052584061;https:instagram.comottosuitsapancaimrozveposedion
690e02740b9deb654ef93d2c;SAPANCA SAHRA KÜTÜK EV;sapanca-sahra-kutuk-ev;Sapanca;bungalov;approved;savibu;05442352554;sapancasahrakutukev
690e02740b9deb654ef93d2f;BABİL BAHÇE BUNGALOV;babi-l-bahce-bungalov;Sapanca;bungalov;approved;savibu;05431519191;babilbahcebungalov
690e02740b9deb654ef93d30;WHİTE DELUXE SAPANCA;whi-te-deluxe-sapanca;Sapanca;bungalov;approved;savibu;;sapancawhitedeluxe
690e02740b9deb654ef93d31;SAPANCA DOĞANIN İNCİSİ;sapanca-doganin-i-nci-si;Sapanca;bungalov;approved;savibu;05369123269;sapancadoganinincisi
690e02740b9deb654ef93d32;BLACK WHİTE BUNGALOV SAPANCA;black-whi-te-bungalov-sapanca;Sapanca;bungalov;approved;savibu;05393600642;blackwhitebungalovsapanca
690e02740b9deb654ef93d36;MOONLİGTH HOUSE;moonli-gth-house;Sapanca;bungalov;approved;savibu;05356711854;moonlightsapanca
690e02740b9deb654ef93d37;HİLLTOP BUNGALOV SAPANCA;hi-lltop-bungalov-sapanca;Sapanca;bungalov;approved;savibu;05423913751;hilltopbungalovsapanca
690e02740b9deb654ef93d39;LİVAM BUNGALOV  GAİA BUNGALOV;li-vam-bungalov-gai-a-bungalov;Sapanca;bungalov;approved;savibu;05310875900;sapancalivambungalow
690e02740b9deb654ef93d3a;WİLLA MİO BUNGALOV SAPANCA;wi-lla-mi-o-bungalov-sapanca;Sapanca;bungalov;approved;savibu;05426066680;willamiobungalov
690e02740b9deb654ef93d3d;SAPANCA LİTTLE HOUSE;sapanca-li-ttle-house;Sapanca;bungalov;approved;savibu;05072571054;sapancalittlehouse
690e02740b9deb654ef93d3e;MEGA LİVADİ BUNGALOV;mega-li-vadi-bungalov;Sapanca;bungalov;approved;savibu;05324184854;megalivadibungalov
690e02740b9deb654ef93d3f;MEŞEALTI SUİT BUNGALOV;mesealti-sui-t-bungalov;Sapanca;bungalov;approved;savibu;05327031311;mesealtisuitbungalov
690e02740b9deb654ef93d40;KOZALAK VİLLA BUNGALOV;kozalak-vi-lla-bungalov;Sapanca;bungalov;approved;savibu;05063062154;sapancakozalakbungalov
690e02740b9deb654ef93d44;SAPANCA LAKE HİLL;sapanca-lake-hi-ll;Sapanca;bungalov;approved;savibu;05456601514;sapancalakehill
690e02740b9deb654ef93d45;FOREST  MİNİ FOREST BUNGALOV;forest-mi-ni-forest-bungalov;Sapanca;bungalov;approved;savibu;905414026366;sapancaforestbungalov
690e02740b9deb654ef93d46;MOUNTAİN DREAM HOUSE SAPANCA;mountai-n-dream-house-sapanca;Sapanca;bungalov;approved;savibu;05322362776;mountaindreamhouse
690e02740b9deb654ef93d47;THE KAİA SAPANCA;the-kai-a-sapanca;Sapanca;bungalov;approved;savibu;05451256054;thekaiasapanca
690e02740b9deb654ef93d49;SAPANCA MARADİDİ RESORT;sapanca-maradi-di-resort;Sapanca;bungalov;approved;savibu;05334500154;sapancamaradidiresort
690e02740b9deb654ef93d4a;GRAND PARADİSE SAPANCA;grand-paradi-se-sapanca;Sapanca;bungalov;approved;savibu;05304212750;grandparadisesapanca
690e02740b9deb654ef93d4e;SAPANCA MİRA TİNY HOUSE;sapanca-mi-ra-ti-ny-house;Sapanca;bungalov;approved;savibu;05415533635;miratinyhouse
690e02740b9deb654ef93d4f;TWİNS BUNGALOW;twi-ns-bungalow;Sapanca;bungalov;approved;savibu;05053527240;twinsbungalowsapanca
690e02740b9deb654ef93d53;SAPANCA TİME BUNGALOV;sapanca-ti-me-bungalov;Sapanca;bungalov;approved;savibu;905066720255;sapancatime
690e02740b9deb654ef93d58;SAPANCA KAİROS BUNGALOV;sapanca-kai-ros-bungalov;Sapanca;bungalov;approved;savibu;05451515424;sapancakairosbungalov
690e02740b9deb654ef93d59;RS SUİT BUNGALOV;rs-sui-t-bungalov;Sapanca;bungalov;approved;savibu;05374658724;rssuitbungalowsapanca
690e02740b9deb654ef93d5c;BERKDENİZ BUNGALOV;berkdeni-z-bungalov;Sapanca;bungalov;approved;savibu;05322036020;sapancaberkdenizbungalov
690e02740b9deb654ef93d5d;SAPANCA FİNE DELUXE;sapanca-fi-ne-deluxe;Sapanca;bungalov;approved;savibu;05356595454;sapancafinedeluxe
690e02740b9deb654ef93d5f;SAPANCA LADİN BUNGALOV;sapanca-ladi-n-bungalov;Sapanca;bungalov;approved;savibu;05445442357;sapancaladinbungalov
690e02740b9deb654ef93d61;SHİMA BUNGALOV;shi-ma-bungalov;Sapanca;bungalov;approved;savibu;05062840384;sapancashimabungalow
690e02740b9deb654ef93d63;SAPANCA EKC SUİT BUNGALOV;sapanca-ekc-sui-t-bungalov;Sapanca;bungalov;approved;savibu;05324498754;sapancaekcsuitbungalov
690e02740b9deb654ef93d66;BİLDA BUNGALOV;bi-lda-bungalov;Sapanca;bungalov;approved;savibu;05339621054;bildabungalow
690e02740b9deb654ef93d68;CHİLL SAPANCA;chi-ll-sapanca;Sapanca;bungalov;approved;savibu;05436700580;chillsapanca
690e02740b9deb654ef93d6b;SAPANCA B&K BUNGALOV  LİFE DOME SAPANCA LÜKS GLAMPİNG;sapanca-b-k-bungalov-li-fe-dome-sapanca-luks-glampi-ng;Sapanca;bungalov;approved;savibu;05444480254;bkbungalov
690e02740b9deb654ef93d6d;HİLLORİA TATİL KÖYÜ SAPANCA;hi-llori-a-tati-l-koyu-sapanca;Sapanca;bungalov;approved;savibu;05322720011;hilloriatatilkoyu
690e02740b9deb654ef93d6e;HAN SUİT SAPANCA;han-sui-t-sapanca;Sapanca;bungalov;approved;savibu;05315059926;hansuitsapanca
690e02740b9deb654ef93d72;DAVİLLA SAPANCA;davi-lla-sapanca;Sapanca;bungalov;approved;savibu;05325250118;davilla_sapanca
690e02740b9deb654ef93d75;VİSTA BUNGALOV;vi-sta-bungalov;Sapanca;bungalov;approved;savibu;05362193559;vistabungalovsapanca
690e02740b9deb654ef93d76;VİLLA DEM;vi-lla-dem;Sapanca;bungalov;approved;savibu;905303798754;villadems
690e02740b9deb654ef93d77;SAPANCA MELEN SUİT VİLLA BUNGALOV;sapanca-melen-sui-t-vi-lla-bungalov;Sapanca;bungalov;approved;savibu;05377346641;sapancamelensuitbungalov
690e02740b9deb654ef93d78;SUNLİGHT BUNGALOV;sunli-ght-bungalov;Sapanca;bungalov;approved;savibu;05330883454;sunlightbungalov
690e02740b9deb654ef93d7a;SAPANCA YEŞİLTEPE DAĞ EVİ;sapanca-yesi-ltepe-dag-evi;Sapanca;bungalov;approved;savibu;05516427667;sapancayesiltepedagevi
690e02740b9deb654ef93d7c;DÖRT MEVSİM SAPANCA RESORT;dort-mevsi-m-sapanca-resort;Sapanca;bungalov;approved;savibu;05464628938;sapancadortmevsimresort
690e02740b9deb654ef93d7d;ZENİT BUNGALOV SAPANCA;zeni-t-bungalov-sapanca;Sapanca;bungalov;approved;savibu;05308866227;zenitbungalov
690e02740b9deb654ef93d7e;JARDİN BUNGALOV SAPANCA;jardi-n-bungalov-sapanca;Sapanca;bungalov;approved;savibu;05427798008;jardin_bungalov_sapanca
690e02740b9deb654ef93d82;GREEN LİFE BUNGALOW;green-li-fe-bungalow;Sapanca;bungalov;approved;savibu;05467383341;green_lifebungalow
690e02740b9deb654ef93d89;KARTAL VADİSİ DAĞ EVLERİ;kartal-vadi-si-dag-evleri;Sapanca;bungalov;approved;savibu;05378978473;kartalvadisidagevleri
690e02740b9deb654ef93d8a;LİVZA BUNGALOV;li-vza-bungalov;Sapanca;bungalov;approved;savibu;05531994972;livza.bungalov
690e02740b9deb654ef93d8d;ROLLİNG HOUSE;rolli-ng-house;Sapanca;bungalov;approved;savibu;05330468554;rollinghousesapanca
690e02740b9deb654ef93d8e;KİWİ GARDEN HOUSE;ki-wi-garden-house;Sapanca;bungalov;approved;savibu;05324316354;kiwigardenhouse
690e02740b9deb654ef93d90;SAPANCA ÇİÇEK BUNGALOV;sapanca-ci-cek-bungalov;Sapanca;bungalov;approved;savibu;05396948566;sapancacicekbungalov
690e02740b9deb654ef93d93;SAPANCA BONİTA BUNGALOV;sapanca-boni-ta-bungalov;Sapanca;bungalov;approved;savibu;05304257269;bonitabungalovsapanca
690e02740b9deb654ef93d96;LİFE iS HERE SAPANCA;li-fe-is-here-sapanca;Sapanca;bungalov;approved;savibu;05339207084;lifeisheresapanca
690e02740b9deb654ef93d98;SAPANCA GÖLDİBİ SUİT BUNGALOV;sapanca-goldi-bi-sui-t-bungalov;Sapanca;bungalov;approved;savibu;02645920054;sapancagoldibisuitbungalov
690e02740b9deb654ef93d99;AİLE BUNGALOV;ai-le-bungalov;Sapanca;bungalov;approved;savibu;05457996955;ailebungalov
690e02740b9deb654ef93d9b;BUTİK EVLER SAPANCA;buti-k-evler-sapanca;Sapanca;bungalov;approved;savibu;05526071886;butikevlersapanca
690e02740b9deb654ef93d9c;SAPANCA UPSİDE BUNGALOV;sapanca-upsi-de-bungalov;Sapanca;bungalov;approved;savibu;905530857793;sapancaupsidebungalov
690e02740b9deb654ef93da0;SAPANCA EFENDY SUİT;sapanca-efendy-sui-t;Sapanca;bungalov;approved;savibu;05418124134;sapancaefendysuit
690e02740b9deb654ef93da1;SAPANCA BELİS BUNGALOV;sapanca-beli-s-bungalov;Sapanca;bungalov;approved;savibu;05540225460;sapancabelisbungalov
690e02740b9deb654ef93da2;SAPANCA OLİVİA BUNGALOV;sapanca-oli-vi-a-bungalov;Sapanca;bungalov;approved;savibu;05320522723;sapancaoliviabungalov
690e02740b9deb654ef93da3;SAPANCA BUNGALOW LİFE;sapanca-bungalow-li-fe;Sapanca;bungalov;approved;savibu;05321761875;sapancabungalowlife
690e02740b9deb654ef93da5;SİZMARİ DAĞ EVİ;si-zmari-dag-evi;Sapanca;bungalov;approved;savibu;05438638300;sizmaridagevi
690e02740b9deb654ef93da6;BUNGALOV NO:111;bungalov-no-111;Sapanca;bungalov;approved;savibu;05309460254;bungalovno111
690e02740b9deb654ef93da7;MİRUS SAPANCA;mi-rus-sapanca;Sapanca;bungalov;approved;savibu;05491225454;mirussapanca
690e02740b9deb654ef93da8;BİGİNN SAPANCA;bi-gi-nn-sapanca;Sapanca;bungalov;approved;savibu;05059237211;bungalov_sapanca_biginn
690e02740b9deb654ef93daa;MY RESORT PRİVE OTEL;my-resort-pri-ve-otel;Sapanca;bungalov;approved;savibu;05497748354;myresortprive
690e02740b9deb654ef93dac;CBC PLUS BUNGALOV & VİLLA;cbc-plus-bungalov-vi-lla;Sapanca;bungalov;approved;savibu;05337040354;sapancacbcplus
690e02740b9deb654ef93daf;MSC SUİTES BUNGALOW;msc-sui-tes-bungalow;Sapanca;bungalov;approved;savibu;05325210592;mscsuitesbungalow
690e02740b9deb654ef93db1;SAPANCA YEŞİLTEPE SARAYLARI & BUNGALOV;sapanca-yesi-ltepe-saraylari-bungalov;Sapanca;bungalov;approved;savibu;05431685132;sapancayesiltepebungalov
690e02740b9deb654ef93db6;BARİA SAPANCA;bari-a-sapanca;Sapanca;bungalov;approved;savibu;05550548754;bariasapanca
690e02740b9deb654ef93dba;SAPANCA MT SUİT BUNGALOV;sapanca-mt-sui-t-bungalov;Sapanca;bungalov;approved;savibu;05316435554;sapancamtsuitbungalov
690e02740b9deb654ef93dbb;PRİCE HOUSE SAPANCA;pri-ce-house-sapanca;Sapanca;bungalov;approved;savibu;05333313454;pricehousesapanca
690e02740b9deb654ef93dbd;SAPANCA NİRVANA BUNGALOV;sapanca-ni-rvana-bungalov;Sapanca;bungalov;approved;savibu;05324074354;sapancanirvanabungalovv
690e02740b9deb654ef93dbe;MAGİC BUNGALOV;magi-c-bungalov;Sapanca;bungalov;approved;savibu;05325451227;magicbungalowsapanca
690e02740b9deb654ef93dbf;SAPANCA MYSTİC BUNGALOW;sapanca-mysti-c-bungalow;Sapanca;bungalov;approved;savibu;05383904465;sapancamysticbungalow
690e02740b9deb654ef93dc1;FOREST VİEW SAPANCA;forest-vi-ew-sapanca;Sapanca;bungalov;approved;savibu;05518947070;forestviewsapanca
690e02740b9deb654ef93dc7;PRİVE BUNGALOV SAPANCA;pri-ve-bungalov-sapanca;Sapanca;bungalov;approved;savibu;905010097624;privebungalov
690e02740b9deb654ef93dc9;SEYRİGÖL BUNGALOV SAPANCA;seyri-gol-bungalov-sapanca;Sapanca;bungalov;approved;savibu;05357031887;seyrigolbungalovsapanca
690e02740b9deb654ef93dca;RÜZGAR BUNGALOV;ruzgar-bungalov;Sapanca;bungalov;approved;savibu;05452430854;ruzgarbungalovsapanca
690e02740b9deb654ef93dcb;SAPANCA TİNY HOME;sapanca-ti-ny-home;Sapanca;bungalov;approved;savibu;05497842400;sapancatinyhome
690e02740b9deb654ef93dcc;RİVERSİDE BUNGALOV;ri-versi-de-bungalov;Sapanca;bungalov;approved;savibu;05334764086;riversidebungalov
690e02740b9deb654ef93dcd;SİLVER LİFE BUNGALOV;si-lver-li-fe-bungalov;Sapanca;bungalov;approved;savibu;05517040016;silverlifebungalovs
690e02740b9deb654ef93dce;SAPANCA SİS VADİ BUNGALOV;sapanca-si-s-vadi-bungalov;Sapanca;bungalov;approved;savibu;05388691842;sapancasisvadibungalov
690e02740b9deb654ef93dd2;WONDER HİLL BUNGALOV;wonder-hi-ll-bungalov;Sapanca;bungalov;approved;savibu;05325705441;sapancawonderhillbungalov
690e02740b9deb654ef93dd3;ŞİFAKÖY BUNGALOV;si-fakoy-bungalov;Sapanca;bungalov;approved;savibu;05313155790;
690e02740b9deb654ef93dd6;ÇETİN GARDEN BUNGALOV;ceti-n-garden-bungalov;Sapanca;bungalov;approved;savibu;05387783828;cetingardenbungalov
690e02740b9deb654ef93dd8;SAPANCA CARPE DİEM BUNGALOV;sapanca-carpe-di-em-bungalov;Sapanca;bungalov;approved;savibu;05442565600;sapancacarpediembungalov
690e02740b9deb654ef93dd9;MÜNZEVİ BUNGALOV;munzevi-bungalov;Sapanca;bungalov;approved;savibu;05306769054;munzevibungalov#
690e02740b9deb654ef93ddd;İCB DİAMOND SAPANCA;i-cb-di-amond-sapanca;Sapanca;bungalov;approved;savibu;05350267188;icbdiamondsapanca
690e02740b9deb654ef93ddf;SANTE VİTA SAPANCA;sante-vi-ta-sapanca;Sapanca;bungalov;approved;savibu;;santevitasapanca
690e02740b9deb654ef93de1;SAPANCA GEZGİN SUİTES  GEZGİN HOUSE;sapanca-gezgi-n-sui-tes-gezgi-n-house;Sapanca;bungalov;approved;savibu;05419257108;sapancagezginsuites
690e02740b9deb654ef93de8;SAPANCA LİTHA BUNGALOV;sapanca-li-tha-bungalov;Sapanca;bungalov;approved;savibu;05339635683;sapancalithabungalov
690e02740b9deb654ef93dec;İNCİ TİNY HOUSE;i-nci-ti-ny-house;Sapanca;bungalov;approved;savibu;05346005141;incitinyhouse
690e02740b9deb654ef93ded;ASİL BUNGALOV;asi-l-bungalov;Sapanca;bungalov;approved;savibu;05359776929;asilbungalov
690e02740b9deb654ef93df0;SAPANCA VİNEYARD HOUSE;sapanca-vi-neyard-house;Sapanca;bungalov;approved;savibu;05417710254;sapancavineyardhouse
690e02740b9deb654ef93df2;PALVİA  SUİT BUNGALOV SAPANCA;palvi-a-sui-t-bungalov-sapanca;Sapanca;bungalov;approved;savibu;05054951086;palviasuitebungalov
690e02740b9deb654ef93df5;ELİT HOME'SS SAPANCA;eli-t-home-ss-sapanca;Sapanca;bungalov;approved;savibu;05364258960;elithomessapanca
690e02740b9deb654ef93df8;SAPANCA BRONO SUİT BUNGALOW;sapanca-brono-sui-t-bungalow;Sapanca;bungalov;approved;savibu;905461193554;bronosapanca
690e02740b9deb654ef93df9;SAPANCA KÜÇÜK GÖL KÖY;sapanca-kucuk-gol-koy;Sapanca;bungalov;approved;savibu;05308982453;sapancakucukgolkoy
690e02740b9deb654ef93dfe;HHZ GREEN LİFE STALL;hhz-green-li-fe-stall;Sapanca;bungalov;approved;savibu;05301744365;greenlifesimasapanca
690e02740b9deb654ef93dff;SOFHANLI VADİSİ;sofhanli-vadi-si;Sapanca;bungalov;approved;savibu;05383160071;sofhanlivadisibungalow
690e02740b9deb654ef93e01;SAPANCA KURUÇEŞME TINY HOUSE;sapanca-kuruc-es-me-tiny-house;Sapanca;bungalov;approved;savibu;05306425489;sapancakurucesmetinyhouse
690e02740b9deb654ef93e04;SAPANCA KESKİN LİFE BUNGALOV;sapanca-keski-n-li-fe-bungalov;Sapanca;bungalov;approved;savibu;05413023307;sapancakeskinlifebungalov
690e02740b9deb654ef93e06;SAPANCA İNFİNİTY HOUSE;sapanca-i-nfi-ni-ty-house;Sapanca;bungalov;approved;savibu;05356554848;sapancainfinityhouse
690e02740b9deb654ef93e07;SAPANCA DEREİÇİ BUNGALOV;sapanca-derei-ci-bungalov;Sapanca;bungalov;approved;savibu;05301393454;sapancadereicibungalov
690e02740b9deb654ef93e08;SAPANCA BUNGALİFE;sapanca-bungali-fe;Sapanca;bungalov;approved;savibu;05322648703;sapancabungalife
690e02740b9deb654ef93e0e;FOREST HİLL BUNGALOW;forest-hi-ll-bungalow;Sapanca;bungalov;approved;savibu;05306054997;foresthillbungalowsapanca
690e02740b9deb654ef93e10;GREEN HİLL BUNGALOV SAPANCA;green-hi-ll-bungalov-sapanca;Sapanca;bungalov;approved;savibu;05052179812;greenhillbungalow
690e02740b9deb654ef93e15;SAPANCA HAYALLERİM BUNGALOV;sapanca-hayalleri-m-bungalov;Sapanca;bungalov;approved;savibu;05350564681;sapancahayallerimbungalov
690e02740b9deb654ef93e17;Ferhat Göçer Konseri;ferhat-gocer-konseri;Sapanca;bungalov;approved;savibu;;
690e02740b9deb654ef93e18;Gökhan Türkmen;gokhan-turkmen;Sapanca;bungalov;approved;savibu;;
690e02740b9deb654ef93e19;Cem Adrian Konseri;cem-adrian-konseri;Sapanca;bungalov;approved;savibu;;
690e02740b9deb654ef93e1a;CEM ADRİAN KONSERİ;cem-adri-an-konseri;Sapanca;bungalov;approved;savibu;;
690e02740b9deb654ef93e1b;Sapanca El Sanatları Festivali;sapanca-el-sanatlari-festivali;Sapanca;bungalov;approved;savibu;;
690e02740b9deb654ef93e1c;SEMİCENK Konseri;semi-cenk-konseri;Sapanca;bungalov;approved;savibu;05321731109;
690e02740b9deb654ef93e1d;PSB Anatolia Uluslararası Peyzaj Süs Bitkileri Bahçe Sanatları ve Ekipmanları Fuarı;psb-anatolia-uluslararasi-peyzaj-sus-bitkileri-bahce-sanatlari-ve-ekipmanlari-fuari;Sapanca;bungalov;approved;savibu;;
690e02740b9deb654ef93e1e;OFF-ROAD YARIŞLARI;off-road-yarislari;Sapanca;bungalov;approved;savibu;;
690e02740b9deb654ef93e1f;BABAYANİ TİYATROSU - TEBDİL-İ DİYAR;babayani-ti-yatrosu-tebdi-l-i-di-yar;Sapanca;bungalov;approved;savibu;;
690e02740b9deb654ef93e20;ZİRVEDE MÜZİK GÖKYÜZÜNDE EĞLENCE;zi-rvede-muzi-k-gokyuzunde-eglence;Sapanca;bungalov;approved;savibu;;
690e02740b9deb654ef93e21;VİLLA HOLİDAY;vi-lla-holi-day;Sapanca;bungalov;approved;savibu;05325026199;villaholiday
690e02740b9deb654ef93e22;SAPANCA VİLLA SAKURA;sapanca-vi-lla-sakura;Sapanca;bungalov;approved;savibu;05308575986;sapancavillasakura
690e02740b9deb654ef93e23;VİLLA POLİ SAPANCA KIRKPINAR;vi-lla-poli-sapanca-kirkpinar;Sapanca;bungalov;approved;savibu;05323995587;villapolikirkpinar
690e02740b9deb654ef93e24;VİLLA ARİF BEY SAPANCA;vi-lla-ari-f-bey-sapanca;Sapanca;bungalov;approved;savibu;05532220364;villaarifbeysapanca
690e02740b9deb654ef93e25;RÜYA SAPANCA;ruya-sapanca;Sapanca;bungalov;approved;savibu;05319296899;ruyasapanca1
690e02740b9deb654ef93e27;VİLLA MANOLYA EDO PANSİYON;vi-lla-manolya-edo-pansi-yon;Sapanca;bungalov;approved;savibu;05327337116;villamanolya
690e02740b9deb654ef93e28;VİLLA İN NATURE SAPANCA;vi-lla-i-n-nature-sapanca;Sapanca;bungalov;approved;savibu;05350481882;villa_in_nature
690e02740b9deb654ef93e29;GÜZEL EVLER SAPANCA;guzel-evler-sapanca;Sapanca;bungalov;approved;savibu;905452546454;guzelevlersapanca
690e02740b9deb654ef93e2a;SAPANCA MAVİ YEŞİL KÖY EVİ;sapanca-mavi-yesi-l-koy-evi;Sapanca;bungalov;approved;savibu;05385502704;sapancamaviyesilkoyevi
690e02740b9deb654ef93e2b;ARI VİLLALARI SAPANCA;ari-vi-llalari-sapanca;Sapanca;bungalov;approved;savibu;05322701808;arivillalarisapanca
690e02740b9deb654ef93e2c;EREN-MANZARA 1-MANZARA 2-GRAND VADİ-WHİTE ROSE VİLLA;eren-manzara-1-manzara-2-grand-vadi-whi-te-rose-vi-lla;Sapanca;bungalov;approved;savibu;905326517105;sapancaerenvilla
690e02740b9deb654ef93e2d;BONANA VİLLALARI;bonana-vi-llalari;Sapanca;bungalov;approved;savibu;05304960189;bonana.villalari
690e02740b9deb654ef93e2f;VİLLA FRAPAN SAPANCA;vi-lla-frapan-sapanca;Sapanca;bungalov;approved;savibu;05366734707;villafrapan
690e02740b9deb654ef93e30;MEGA VİLLAGE SAPANCA;mega-vi-llage-sapanca;Sapanca;bungalov;approved;savibu;05335169558;mega.village.sapanca
690e02740b9deb654ef93e31;SAPANCA WHİTE HOME KONAKLAMA;sapanca-whi-te-home-konaklama;Sapanca;bungalov;approved;savibu;05058558954;whitehomesapanca
690e02740b9deb654ef93e32;VİLLA MAHAL SAPANCA;vi-lla-mahal-sapanca;Sapanca;bungalov;approved;savibu;05326490254;villamahalsapanca
690e02740b9deb654ef93e34;SAPANCA KOKİNA SUİT;sapanca-koki-na-sui-t;Sapanca;bungalov;approved;savibu;05382283054;sapancakokinasuit
690e02740b9deb654ef93e36;SELVİ LİFE VİLLAS;selvi-li-fe-vi-llas;Sapanca;bungalov;approved;savibu;05346029506;lifeselvivillas
690e02740b9deb654ef93e37;MARBELLA VİLLAM;marbella-vi-llam;Sapanca;bungalov;approved;savibu;05412543071;marbellavillam
690e02740b9deb654ef93e38;SEVİMLİ VİLLA;sevi-mli-vi-lla;Sapanca;bungalov;approved;savibu;05323858003;sapancavillasevimli
690e02740b9deb654ef93e39;MCLİFE VİLLAS;mcli-fe-vi-llas;Sapanca;bungalov;approved;savibu;08504200302;mclifevillas
690e02740b9deb654ef93e3a;KOÇBEY BUTİK OTEL SAPANCA;kocbey-buti-k-otel-sapanca;Sapanca;bungalov;approved;savibu;905332323374;kocbeybutikotelsapanca
690e02740b9deb654ef93e3b;SAPANCA PİNK HOUSE;sapanca-pi-nk-house;Sapanca;bungalov;approved;savibu;05524419230;sapancapinkhouse
690e02740b9deb654ef93e3c;VİLLA PİNE SAPANCA;vi-lla-pi-ne-sapanca;Sapanca;bungalov;approved;savibu;05455718873;privatevillasapanca
690e02740b9deb654ef93e3d;VİLLA BAHAR SAPANCA | TATİL | OTEL | KONAKLAMA;vi-lla-bahar-sapanca-tati-l-otel-konaklama;Sapanca;bungalov;approved;savibu;05398850270;villabaharsapanca
690e02740b9deb654ef93e3e;İKİZ VİLLALAR;i-ki-z-vi-llalar;Sapanca;bungalov;approved;savibu;05392529248;ikiz_villalar54
690e02740b9deb654ef93e3f;VİLLA UĞUR &BUNGALOV;vi-lla-ugur-bungalov;Sapanca;bungalov;approved;savibu;05316821155;villaugur
690e02740b9deb654ef93e40;SAPANCA DOĞAL YAŞAM KÖYÜ;sapanca-dogal-yasam-koyu;Sapanca;bungalov;approved;savibu;05350560854;sapancadogalyasamkoyu
690e02740b9deb654ef93e41;SİNDOMA MOUNTAİN HOUSE;si-ndoma-mountai-n-house;Sapanca;bungalov;approved;savibu;05385460023;sindomasapanca
690e02740b9deb654ef93e43;NİBRAS VİLLA RESORT;ni-bras-vi-lla-resort;Sapanca;bungalov;approved;savibu;05528322488;nibrasvillaresort
690e02740b9deb654ef93e45;KİWİ SAPANCA;ki-wi-sapanca;Sapanca;bungalov;approved;savibu;05313602930;kiwiisapanca
690e02740b9deb654ef93e49;VİLLA ULUSOY SAPANCA;vi-lla-ulusoy-sapanca;Sapanca;bungalov;approved;savibu;05356869524;villaulusoysapanca
690e02740b9deb654ef93e4a;BARİA SAPANCA SUNSET VİLLAS;bari-a-sapanca-sunset-vi-llas;Sapanca;bungalov;approved;savibu;05336122112;bariasapancasunsetvillas
690e02740b9deb654ef93e4b;VİLLA FAZİ;vi-lla-fazi;Sapanca;bungalov;approved;savibu;05305258868;villafazi
690e02740b9deb654ef93e4c;VİLLA POLENTE  VİLLA GRANDE ALBERO SAPANCA;vi-lla-polente-vi-lla-grande-albero-sapanca;Sapanca;bungalov;approved;savibu;05330137202;villa_grande_albero
690e02740b9deb654ef93e4d;SAPANCA İNCİ SUİT;sapanca-i-nci-sui-t;Sapanca;bungalov;approved;savibu;05357851754;sapancaincisuit
690e02740b9deb654ef93e4f;GİNKGO VİLLAS;gi-nkgo-vi-llas;Sapanca;bungalov;approved;savibu;05446585858;ginkgovillas
690e02740b9deb654ef93e50;SAPANCA MONTANA VİLLA;sapanca-montana-vi-lla;Sapanca;bungalov;approved;savibu;05547750660;sapancamontanavilla
690e02740b9deb654ef93e52;HİGH GARDEN VİLLAS;hi-gh-garden-vi-llas;Sapanca;bungalov;approved;savibu;05538726740;highgardensapancavillas
690e02740b9deb654ef93e53;SAPANCA VİLLA KLASS;sapanca-vi-lla-klass;Sapanca;bungalov;approved;savibu;05380373111;sapancavillaklass
690e02740b9deb654ef93e54;VİLLA AYIŞIĞI;vi-lla-ayisigi;Sapanca;bungalov;approved;savibu;05382246349;villaayisigisapanca
690e02740b9deb654ef93e55;SAPANCA VİLLA ŞEN;sapanca-vi-lla-sen;Sapanca;bungalov;approved;savibu;05413959919;sapancavillasen
690e02740b9deb654ef93e56;VİLLA B PRİVATE SAPANCA;vi-lla-b-pri-vate-sapanca;Sapanca;bungalov;approved;savibu;05335643256;villabprivate
690e02740b9deb654ef93e57;VİLLAM SAPANCA;vi-llam-sapanca;Sapanca;bungalov;approved;savibu;05380700558;villamsapanca
690e02740b9deb654ef93e58;SAPANCA VİLLA EYFEL;sapanca-vi-lla-eyfel;Sapanca;bungalov;approved;savibu;05362519787;villa_eyfell
690e02740b9deb654ef93e5b;EFE KÖY EVİ;efe-koy-evi;Sapanca;bungalov;approved;savibu;05336406884;efekoyevi
690e02740b9deb654ef93e5c;SASİRİUS SHİNE SAPANCA;sasi-ri-us-shi-ne-sapanca;Sapanca;bungalov;approved;savibu;05462590101;sasiriusshine
690e02740b9deb654ef93e5d;NİHANE VİLLA;ni-hane-vi-lla;Sapanca;bungalov;approved;savibu;05071471307;nihane.villa
690e02740b9deb654ef93e5e;SAPANCA VİLLA PALAS;sapanca-vi-lla-palas;Sapanca;bungalov;approved;savibu;05318963154;sapancavillapalas
690e02740b9deb654ef93e60;ŞEVKİBEY SERENİTY  ŞEVKİBEY KONAĞI;sevki-bey-sereni-ty-sevki-bey-konagi;Sapanca;bungalov;approved;savibu;05353668893;sevkibeyserenity
690e02740b9deb654ef93e63;VİLLA BLUE SAPANCA;vi-lla-blue-sapanca;Sapanca;bungalov;approved;savibu;05444374331;villabluesapanca
690e02740b9deb654ef93e64;VİLLA GREEN;vi-lla-green;Sapanca;bungalov;approved;savibu;05530875319;sapancavillagreen
690e02740b9deb654ef93e65;REAL LOVE VİLLAS;real-love-vi-llas;Sapanca;bungalov;approved;savibu;05340736347;reallovevillas
690e02740b9deb654ef93e66;VİLLA NORTH SAPANCA;vi-lla-north-sapanca;Sapanca;bungalov;approved;savibu;05322122501;villanorthsapanca
690e02740b9deb654ef93e68;VİLLA WONKA SAPANCA;vi-lla-wonka-sapanca;Sapanca;bungalov;approved;savibu;05332266879;villawonkasapanca
690e02740b9deb654ef93e69;VİLLA NİLÜFER SAPANCA;vi-lla-ni-lufer-sapanca;Sapanca;bungalov;approved;savibu;05444489496;villanilufersapanca
690e02740b9deb654ef93e6a;HAME PİRA SUİTES;hame-pi-ra-sui-tes;Sapanca;bungalov;approved;savibu;905335837281;hame_pira
690e02740b9deb654ef93e6b;SAPANCA BUNGOVİLLA;sapanca-bungovi-lla;Sapanca;bungalov;approved;savibu;905325409281;sapancabungovilla
690e02740b9deb654ef93e6c;LA VİTA VİLLA;la-vi-ta-vi-lla;Sapanca;bungalov;approved;savibu;05337006655;la_vita_villa
690e02740b9deb654ef93e6d;SAWSANA VİLLALARI;sawsana-vi-llalari;Sapanca;bungalov;approved;savibu;05302990941;sawsanavillalari
690e02740b9deb654ef93e6e;SÜMBÜL HOUSE;sumbul-house;Sapanca;bungalov;approved;savibu;05466253540;sumbulhouse
690e02740b9deb654ef93e70;SHİNİNGORE SAPANCA;shi-ni-ngore-sapanca;Sapanca;bungalov;approved;savibu;05323694149;shiningoresapanca
690e02740b9deb654ef93e71;MİNA HOUSE SAPANCA;mi-na-house-sapanca;Sapanca;bungalov;approved;savibu;05465231540;minahousesapanca
690e02740b9deb654ef93e72;VİLLA CHERRY SAPANCA;vi-lla-cherry-sapanca;Sapanca;bungalov;approved;savibu;05308700871;villa_cherry_sapanca
690e02740b9deb654ef93e73;SAFİR SAPANCA VİLLAS;safi-r-sapanca-vi-llas;Sapanca;bungalov;approved;savibu;05491005400;safirsapancavillas
690e02740b9deb654ef93e74;NAİLİYE DAĞ EVLERİ SAPANCA;nai-li-ye-dag-evleri-sapanca;Sapanca;bungalov;approved;savibu;05321130388;nailiyedagevlerisapanca
690e02740b9deb654ef93e78;VİTAL HOME SAPANCA;vi-tal-home-sapanca;Sapanca;bungalov;approved;savibu;05323530885;vitalhomesapanca
690e02740b9deb654ef93e7a;SAPANCA VİLLA İPEKYOL;sapanca-vi-lla-i-pekyol;Sapanca;bungalov;approved;savibu;05370430402;sapancavillaipekyol
690e02740b9deb654ef93e7b;ZİRVE KONAK RESORT;zi-rve-konak-resort;Sapanca;bungalov;approved;savibu;05344472238;zirve_konak_resort
690e02740b9deb654ef93e7c;MJORASTE SAPANCA BOUTİGUE VİLLAS;mjoraste-sapanca-bouti-gue-vi-llas;Sapanca;bungalov;approved;savibu;905326487454;mjorastesapanca
690e02740b9deb654ef93e7d;SAPANCA ATLI KÖŞK VİLLA;sapanca-atli-kosk-vi-lla;Sapanca;bungalov;approved;savibu;08503089552;atlikoskvilla
690e02740b9deb654ef93e7e;SAPANCA TANURA VİLLA;sapanca-tanura-vi-lla;Sapanca;bungalov;approved;savibu;05347161364;sapancatanuravilla
690e02740b9deb654ef93e7f;SAPANCA HOT ICE VİLLA BUNGALOV;sapanca-hot-ice-vi-lla-bungalov;Sapanca;bungalov;approved;savibu;05528130510;sapancahot_icehouse
690e02740b9deb654ef93e80;VİLLA YAZ SAPANCA;vi-lla-yaz-sapanca;Sapanca;bungalov;approved;savibu;05330876809;villayazsapanca
690e02740b9deb654ef93e81;MEHMET BEY VİLLALARI;mehmet-bey-vi-llalari;Sapanca;bungalov;approved;savibu;05434901061;mehmetbeybungovilla
690e02740b9deb654ef93e83;SAPANCA KİANA KONAKLAMA;sapanca-ki-ana-konaklama;Sapanca;bungalov;approved;savibu;05322909143;sapancakianakonaklama
690e02740b9deb654ef93e84;SAPANCA SEYRU SEFA VİLLA;sapanca-seyru-sefa-vi-lla;Sapanca;bungalov;approved;savibu;05326988541;sapancaseyrusefavilla
690e02740b9deb654ef93e85;SAPANCA ROYAL PALACE VİLLA;sapanca-royal-palace-vi-lla;Sapanca;bungalov;approved;savibu;;sapanca_royalpalace
690e02740b9deb654ef93e86;SAPANCA AYNALI VİLLA;sapanca-aynali-vi-lla;Sapanca;bungalov;approved;savibu;05075344154;sapancaaynalivilla
690e02740b9deb654ef93e89;YILDIZ FAMİLY VİLLAGE SAPANCA- AİLELERE ÖZEL;yildiz-fami-ly-vi-llage-sapanca-ai-lelere-ozel;Sapanca;bungalov;approved;savibu;05079675626;yildizvillage
690e02740b9deb654ef93e8b;VİLLA ABUÇ SAPANCA;vi-lla-abuc-sapanca;Sapanca;bungalov;approved;savibu;05075675451;villaabuc
690e02740b9deb654ef93e8c;VİLLA LAKE HARMONY SAPANCA  NİLYS HOUSE;vi-lla-lake-harmony-sapanca-ni-lys-house;Sapanca;bungalov;approved;savibu;905331352694;lake_harmony
690e02740b9deb654ef93e8f;VİLLA GÜNEŞ SAPANCA;vi-lla-gunes-sapanca;Sapanca;bungalov;approved;savibu;05363757417;villagunessapanca
690e02740b9deb654ef93e90;VİLLA BAHÇE;vi-lla-bahce;Sapanca;bungalov;approved;savibu;05326951698;villabahce
690e02740b9deb654ef93e91;MY NATURAL VİLLA;my-natural-vi-lla;Sapanca;bungalov;approved;savibu;05332714977;mynaturalvilla
690e02740b9deb654ef93e93;MOHTİVİLLA BUNGALOV;mohti-vi-lla-bungalov;Sapanca;bungalov;approved;savibu;05315851043;
690e02740b9deb654ef93e94;ÖZ VİLLA SAPANCA;oz-vi-lla-sapanca;Sapanca;bungalov;approved;savibu;05547205461;ozvillasapanca
690e02740b9deb654ef93e97;CHERRY HİLL VİLLAS;cherry-hi-ll-vi-llas;Sapanca;bungalov;approved;savibu;908508501054;cherryhillvillas
690e02740b9deb654ef93e98;PAGO VİLLA SAPANCA;pago-vi-lla-sapanca;Sapanca;bungalov;approved;savibu;05550341100;pagovilla
690e02740b9deb654ef93e99;SAPANCA VİLLA WHİTE & İNDİA BUNGALOV;sapanca-vi-lla-whi-te-i-ndi-a-bungalov;Sapanca;bungalov;approved;savibu;05308782784;sapancavillawhite
690e02740b9deb654ef93e9a;SAPANCA MELİH VİLLA;sapanca-meli-h-vi-lla;Sapanca;bungalov;approved;savibu;05066389460;sapanca_melih.villa
690e02740b9deb654ef93e9b;SAPANCA IŞIKLI BAHÇE VİLLA & BUNGALOV;sapanca-isikli-bahce-vi-lla-bungalov;Sapanca;bungalov;approved;savibu;05078564121;sapancaisiklibahce
690e02740b9deb654ef93e9c;MERCAN VİLLAM;mercan-vi-llam;Sapanca;bungalov;approved;savibu;05326810646;mercanvillam
690e02740b9deb654ef93e9d;KIRKPINAR GÖL YOLU EVLERİ;kirkpinar-gol-yolu-evleri;Sapanca;bungalov;approved;savibu;05309327141;golyoluevleri
690e02740b9deb654ef93e9e;YAKUT VİLLAS;yakut-vi-llas;Sapanca;bungalov;approved;savibu;05327237706;yakutvillas
690e02740b9deb654ef93e9f;SAPANCABA VİLLAS;sapancaba-vi-llas;Sapanca;bungalov;approved;savibu;05325515441;sapancaba
690e02740b9deb654ef93ea1;SAPANCA AŞİYAN KONAKLAMA;sapanca-asi-yan-konaklama;Sapanca;bungalov;approved;savibu;05324318014;sapancasiyan54
690e02740b9deb654ef93ea3;SAPANCA VİLLA KİVİ;sapanca-vi-lla-ki-vi;Sapanca;bungalov;approved;savibu;05336396254;sapancavillakivi
690e02740b9deb654ef93ea4;TROPİCAL SAPANCA;tropi-cal-sapanca;Sapanca;bungalov;approved;savibu;05332032823;tropicalsapanca
690e02740b9deb654ef93ea5;VİLLA SEU;vi-lla-seu;Sapanca;bungalov;approved;savibu;05427944414;villa.seu
690e02740b9deb654ef93ea6;SEÇKİN VİLLA BUNGALOV;secki-n-vi-lla-bungalov;Sapanca;bungalov;approved;savibu;05339628754;seckinvillabungalov
690e02740b9deb654ef93ea8;HOUSE OF TRİBECA HOTEL;house-of-tri-beca-hotel;Sapanca;bungalov;approved;savibu;05325753054;houseoftribecahotel
690e02740b9deb654ef93eaa;YAKUT VİLLAM;yakut-vi-llam;Sapanca;bungalov;approved;savibu;05333806973;yakut.villam
690e02740b9deb654ef93eac;SAPANCA NATUREL STONE VİLLALARI;sapanca-naturel-stone-vi-llalari;Sapanca;bungalov;approved;savibu;05469421637;sapancanaturelstonevillalari
690e02740b9deb654ef93ead;SUNSET VİLLA BUNGALOV;sunset-vi-lla-bungalov;Sapanca;bungalov;approved;savibu;05542532779;sunsetvillabungalov
690e02740b9deb654ef93eae;VİLLA KEYİF SAPANCA;vi-lla-keyi-f-sapanca;Sapanca;bungalov;approved;savibu;05547015381;villakeyifsapanca
690e02740b9deb654ef93eb1;VİLLA LİYA;vi-lla-li-ya;Sapanca;bungalov;approved;savibu;05336683837;villaliya2022
690e02740b9deb654ef93eb3;VİLLA VADİ;vi-lla-vadi;Sapanca;bungalov;approved;savibu;05525344154;sapancavillavadi
690e02740b9deb654ef93eb4;VİLLA MİMOZA SAPANCA;vi-lla-mi-moza-sapanca;Sapanca;bungalov;approved;savibu;05335574165;sapancavillamimoza
690e02740b9deb654ef93eb5;BEGONVİL KONAKLAMA;begonvi-l-konaklama;Sapanca;bungalov;approved;savibu;05010703125;begonvilkonaklama
690e02740b9deb654ef93eb6;SAPANCA DEMİR DAĞ EVİ;sapanca-demi-r-dag-evi;Sapanca;bungalov;approved;savibu;05326046702;sapancademirdagevi
690e02740b9deb654ef93eb7;LOTUS VİLLA BUNGALOV;lotus-vi-lla-bungalov;Sapanca;bungalov;approved;savibu;05333395098;lotusvillabungalov
690e02740b9deb654ef93eb8;VİLLA EGE SAPANCA;vi-lla-ege-sapanca;Sapanca;bungalov;approved;savibu;05418008088;villa_ege_sapanca
690e02740b9deb654ef93ebb;KIRKPINAR LİFE VİLLA;kirkpinar-li-fe-vi-lla;Sapanca;bungalov;approved;savibu;05370114348;kirkpinar_life
690e02740b9deb654ef93ebc;SAPANCA VİLLA VADİ;sapanca-vi-lla-vadi;Sapanca;bungalov;approved;savibu;05333590886;ssvillavadi
690e02740b9deb654ef93ebd;YEL DEĞİRMENİ VİLLALARI SAPANCA;yel-degi-rmeni-vi-llalari-sapanca;Sapanca;bungalov;approved;savibu;05524605409;villayeldegirmeni
690e02740b9deb654ef93ebe;SAPANCA MAVİ VİLLA;sapanca-mavi-vi-lla;Sapanca;bungalov;approved;savibu;05332572027;sapancamavi
690e02740b9deb654ef93ebf;4 MEVSİM DAĞ EVİ SAPANCA;4-mevsi-m-dag-evi-sapanca;Sapanca;bungalov;approved;savibu;05367959480;4mevsimdagevisapanca
690e02740b9deb654ef93ec0;VİLLA ARAS;vi-lla-aras;Sapanca;bungalov;approved;savibu;05353999998;villa.arass
690e02740b9deb654ef93ec1;VİLLA HERMES SAPANCA;vi-lla-hermes-sapanca;Sapanca;bungalov;approved;savibu;05399704797;villahermessapanca
690e02740b9deb654ef93ec2;BEGONVİL-LA&BUNGALOV;begonvi-l-la-bungalov;Sapanca;bungalov;approved;savibu;05325921043;sapancabegonvilla
690e02740b9deb654ef93ec3;SAPANCA VİLLA FİVESTAR;sapanca-vi-lla-fi-vestar;Sapanca;bungalov;approved;savibu;05541159784;sapancavilla_fivestar
690e02740b9deb654ef93ec4;SAPANCA SUNRİSE VİLLA - SUNRİSE BUNGALOW;sapanca-sunri-se-vi-lla-sunri-se-bungalow;Sapanca;bungalov;approved;savibu;05464273209;sapancasunrisevilla_
690e02740b9deb654ef93ec5;SAPANCA VİLLA MOONLİGHT;sapanca-vi-lla-moonli-ght;Sapanca;bungalov;approved;savibu;05462460556;sapancavillamoonlight
690e02740b9deb654ef93ec7;CASA MİA AĞAÇ EVLERİ;casa-mi-a-agac-evleri;Sapanca;bungalov;approved;savibu;05304218017;sapancacasamiasuit
690e02740b9deb654ef93ec8;BOSS VİLLA GARDEN;boss-vi-lla-garden;Sapanca;bungalov;approved;savibu;05307854554;bossvillagarden
690e02740b9deb654ef93ecb;VİLLA SAPANCA SARI EV;vi-lla-sapanca-sari-ev;Sapanca;bungalov;approved;savibu;05057854546;sapancakonukevi
690e02740b9deb654ef93ecc;ŞENGÜL KONAKLAMA;sengul-konaklama;Sapanca;bungalov;approved;savibu;05302043461;sengulkonaklama
690e02740b9deb654ef93ecd;VİLLA AZUL & VERDE;vi-lla-azul-verde;Sapanca;bungalov;approved;savibu;05014804954;villaazulverdesapanca
690e02740b9deb654ef93ece;EİGHT SAPANCA;ei-ght-sapanca;Sapanca;bungalov;approved;savibu;05424200088;eightsapanca
690e02740b9deb654ef93ecf;SAPANCA BİZİM EV;sapanca-bi-zi-m-ev;Sapanca;bungalov;approved;savibu;05334311918;sapancabizimev
690e02740b9deb654ef93ed0;NİL KONAKLAMA SAPANCA;ni-l-konaklama-sapanca;Sapanca;bungalov;approved;savibu;05323798597;nilkonaklamasapanca
690e02740b9deb654ef93ed1;ERDİL VİLLA;erdi-l-vi-lla;Sapanca;bungalov;approved;savibu;05331641043;erdilvilla
690e02740b9deb654ef93ed3;SAPANCA ŞELALE VİLLA BUNGALOV;sapanca-selale-vi-lla-bungalov;Sapanca;bungalov;approved;savibu;05316299135;sapancaselalevillabungalov
690e02740b9deb654ef93ed4;VİLLA BND SAPANCA;vi-lla-bnd-sapanca;Sapanca;bungalov;approved;savibu;05300149884;villabndsapanca
690e02740b9deb654ef93ed5;VİLLA ALİ ASAF;vi-lla-ali-asaf;Sapanca;bungalov;approved;savibu;05346019505;villaaliasaf
690e02740b9deb654ef93ed7;HİDDEN GARDEN VİLLA;hi-dden-garden-vi-lla;Sapanca;bungalov;approved;savibu;05335010454;hiddengardenvilla
690e02740b9deb654ef93ed8;VİLLA MOYO;vi-lla-moyo;Sapanca;bungalov;approved;savibu;05324141770;sapancavillamoyo
690e02740b9deb654ef93ed9;OPİA SAPANCA;opi-a-sapanca;Sapanca;bungalov;approved;savibu;05320543775;opiasapanca
690e02740b9deb654ef93edc;HERMANOS GLAMPİNG DOME;hermanos-glampi-ng-dome;Sapanca;bungalov;approved;savibu;05540100054;hermanosglamping
690e02740b9deb654ef93edf;SAPANCA GLAMPİNG;sapanca-glampi-ng;Sapanca;bungalov;approved;savibu;05435362533;sapanca_glamping
690e02740b9deb654ef93ee0;SAPANCA LAHZA GLAMPİNG;sapanca-lahza-glampi-ng;Sapanca;bungalov;approved;savibu;05321343303;
690e02740b9deb654ef93ee2;PHALESİA GLAMPİNG HOTEL & MEDİTATİON;phalesi-a-glampi-ng-hotel-medi-tati-on;Sapanca;bungalov;approved;savibu;05421010008;phalesiasapanca
690e02740b9deb654ef93ee3;WHİTEMOON;whi-temoon;Sapanca;bungalov;approved;savibu;05453665454;sapancawhitemoon
690e02740b9deb654ef93ee4;NONİVA RESORT SAPANCA;noni-va-resort-sapanca;Sapanca;bungalov;approved;savibu;05322090658;nonivaresortsapanca
690e02740b9deb654ef93ee5;ROLEDA GLAMPİNG;roleda-glampi-ng;Sapanca;bungalov;approved;savibu;05322521854;roledaglamping
690e02740b9deb654ef93ee6;ÖZLİFE SAPANCA;ozli-fe-sapanca;Sapanca;bungalov;approved;savibu;05315002794;ozlifesapanca
690e02740b9deb654ef93ee7;S'MORE SAPANCA GLAMPİNG HOTEL;s-more-sapanca-glampi-ng-hotel;Sapanca;bungalov;approved;savibu;905318637261;smoresapanca
690e02740b9deb654ef93ee8;NİL'S DOME SAPANCA;ni-l-s-dome-sapanca;Sapanca;bungalov;approved;savibu;05309103030;nilsdome
690e02740b9deb654ef93ee9;SAPANCA DOME GLAMPİNG;sapanca-dome-glampi-ng;Sapanca;bungalov;approved;savibu;02646450141;sapancadome
690e02740b9deb654ef93eec;EVASİON SAPANCA;evasi-on-sapanca;Sapanca;bungalov;approved;savibu;05301846979;evasionsapanca
690e02740b9deb654ef93eed;MEGA GLAMPİNG;mega-glampi-ng;Sapanca;bungalov;approved;savibu;05379795333;megaglampingsapanca