"işletme adı","instagram kullanıcı adı","telefon numarası","mail adresi","websitesi"
"SAPANCA KONAKLAMABLACK WHİTE BUNGALOW SAPANCA","sapancaakonaklama","05321586885","",""
"GAGA BUNGALOV SAPANCA","@gagabungalov","+905313537611","",""
"BALİ SAPANCA","@balisapanca_","+905302714854","",""
"SARDUNYA BUNGALOV","sardunyabungalov","05457729062","",""
"SAPANCA WELLNESS HOME","@sapancawellneshome","+905332691254","",""
"ZİRVE BUNGALOV  UZUNKUM ZİRVE BUNGALOV","sapancazirvebungalow","05314877301","",""
"YODA BUNGALOV","@bungalowyoda","+905074373754","",""
"SAPANCA IŞILTI BUNGALOV","@sapancaisiltibungalov","+905326037717","",""
"NATURAL SELECTİON SAPANCA","naturalselectionsapanca","05326478554","",""
"SAPANCA ZİALAND","sapancazialand","05326568094","",""
"MRV HİLL SAPANCA","mrvhillsapanca","05443545478","",""
"SAPANCA ÇAMLIK BUNGALOV","@camlikbungalovsapanca","","",""
"RENKLİ EVLER  SAPANCA PREMİUM","renklievler.sapanca","05323655496","",""
"SAPANCA TENDA BUNGALOV","@sapancatendabungalov","+905326944551","",""
"SAPANCA GREEN GARDEN BUNGALOV","@greengardenbungalov","","",""
"YILDIZ BUNGALOV SAPANCA","@yldzbungalovsapancaa","+905380146029","",""
"YANIK LİFE BUNGALOV","yaniklifebungalow","05334541684","",""
"EMİL'S HOUSES","emilshouses","05336360850","",""
"VOLAR SAPANCA BUNGALOV","@volarsapanca","+905392053337","",""
"MAVİ BONCUK SERENİTY BUNGALOW","maviboncukserenitybungalow","05323965758","",""
"ACARZADE BUNGALOV","@acarzadebungalov","+905373347167","",""
"SAPANCA LUSH BUNGALOV","@lushsapanca","+905405045454","",""
"VALİOSO SAPANCA","valiososapanca","05322608017","",""
"CHAVSLA BUNGALOV","@bungalovbaba","+905459551986","",""
"ZENA SAPANCA HOTEL","@zenasapanca","+905373010623","",""
"DREAMLAND DELUXE SAPANCA","@dreamlandsuitessapanca","+905322441326","",""
"ATMOSFER DAĞ EVİ","@atmosferdagevisapanca","+905417829572","",""
"BLOOM HİLL BUNGALOV SAPANCA","bloomhillbungalov","05376048928","",""
"SAPANCA SİRİUS NİGHT BUNGALOW","sapancasiriusbungalow","05334935954","",""
"BUMERANG BUNGALOV","@bumerangbungalov","+905309454121","",""
"SWİSS HAUS SAPANCA","swisshaussapanca","05324634748","",""
"SAPANCA DUKO","@sapancaduko","+905304293454","",""
"BONS HOUSE","@_bonshouse","+905316848793","",""
"SAPANCA HAYAL BUNGALOW","@sapancahayalbungalow","+905316775021","",""
"Kalimeras Deluxe Hotel","kalimerasdeluxe","05373620779","",""
"CASA VERA VİLLA","casaveravilla","05525114840","",""
"SAPANCA DEREKÖŞK BUNGALOV","sapancaderekoskbungalov","05324088654","",""
"SAPANCA THE AZURE","@sapancatheazure","+905303223454","",""
"STB GOLDEN HOUSE","@oktaygoldenhouse","+905304674543","",""
"LAMASİA SUİTES BUNGALOV","lamasiasapanca","05304014101","",""
"GÜLÜM BUNGALOV","gulumbungalov","05397850066","",""
"VADİ BUNGALOV SAPANCA","@vadibungalovsapanca","+905524268481","",""
"MFS VİLLA & BUNGALOV","sapancamfsvillabungalov","05400858997","",""
"SAPANCA ELZA GÖLEVİ","sapancaelzagolevi","05528536460","",""
"BUNGAVİLLAS","bungavillassapanca","05398567555","",""
"SAPANCA SELİSA BUNGALOW","sapancaselisabungalov","03588628723","",""
"SAPANCA KARACA BUNGALOV","@sapancakaracabungalov","+905332982154","",""
"DOĞADA VİEW","dogadaview","05066068455","",""
"ROSE SAPANCA STONE HOUSE","@sapancafarmhouse","+905010544141","",""
"SAPANCA YEŞİLVADİ DAĞ EVİ","sapanca_yesilvadi_dagevi","05327071540","",""
"SAPANCA GÖLKÖY BUNGALOV","sapancagolkoy","05442349554","",""
"SAPANCA 3D BUNGALOW","sapanca3dbungalow","05528125415","",""
"BOHO SAPANCA","@bohosapanca","+905068735454","",""
"SAPANCA ALAÇATI","@sapancaalacati","+905354268158","",""
"SOPELŞİ SAPANCA","@sopelsisapanca","+905010905462","",""
"GÖLVADİ RESORT","golvadiresort","08502420054","",""
"SAPANCA FAMİLY RESORT","sapancafamilyresort","05323640154","",""
"ADEN BUNGALOV SAPANCA","adenbungalovsapanca","05347989798","",""
"RAVİNE BUNGALOV","sapancaravinebungalow","05303399454","",""
"SAPANCA BUNGALOV GÖNÜL SOFRAM","sapancagonulsoframtr","05052111134","",""
"MEŞELİKPARK BUNGALOV","sapancameselikpark","08503080454","",""
"MAVİ AY SAPANCA","@maviaysapanca","+905324350569","",""
"LAKE VİEW HOUSE SAPANCA","lakeviewhousesapanca","05327356582","",""
"STONE HOME SAPANCA  SAPANCA ELİTE BUNGALOW","stonehomesapanca","05339490054","",""
"SAPANCA NADİR BUNGALOV","sapancanadirbungalov","05308993454","",""
"TETOVA SAPANCA","@tetovasapanca","+905334935485","",""
"SAPANCA SİLVA BUNGALOV","sapancavillabungalov","05333299022","",""
"SAPANCA LİONSUİT","sapanca.lionsuit","05324700454","",""
"AcAr SUİT BUNGALOV","acarsuitbungalov","","",""
"TEN TİNY SAPANCA","tentinysapanca","05415941010","",""
"BELLA VİSTA BUNGALOV","bellavistabungalov","05448417742","",""
"CUTE LIFE BANGALOW","@cutelifebungalow","+905452551812","",""
"SAPANCA FİTOS DELUXE  SAPANCA FİTOS BUNGALOV","sapancafitosbungalov","05373701458","",""
"BNC SAPANCA BUNGALOV","@bncsapancabungalow","+905377356788","",""
"SAPANCA TURAN BUNGALOV","@sapancaturanbungalov","+905464662554","",""
"SAPANCA SİLENTHİLL BUNGALOW","sapancasilenthillbungalow","05517244872","",""
"BATALİKOO TİNY HOUSE'S","sapanca_batalikoo","905321731173","",""
"SAPANCA JEZERO BUNGALOV","@sapancajezerobungalow","+905540281226","",""
"FAME BUNGALOV","@fame.bungalov","+905465043848","",""
"SAPANCA KİBAR BUNGALOV","sapancakibarbungalov","02645826565","",""
"PELİT SAPANCA","pelitsapancabungalov","05335130414","",""
"B&B SAPANCA","bnbsapanca","05313386416","",""
"DİLEKLİ BUNGALOV","sapancadileklibungalov","05424916186","",""
"YÜKSEL BUNGALOVS","yukselbungolovs","05447312754","",""
"SAPANCA ASTRAL BUNGALOW","@sapancaastrallbungalow","+905313572318","",""
"SAPANCA LUME BUNGALOV","@sapancanukelumebungalow","+905303462136","",""
"SAPANCA VİLLAGGİO BUNGALOV","sapancavillaggiobungalov","05382796581","",""
"SAPANCA SAKURA BUNGALOV","@sakurabungalov","+905338165445","",""
"DARK SAPANCA","@darksapanca","+905324112020","",""
"SAPANCA NOGA KONAKLAMA","@sapancanogakonaklama","+905321679454","",""
"STAR LİFE SAPANCA","starlifesapanca","05058885255","",""
"ARNE HOUSES","@arnebungalov","+905054988607","",""
"VİSAL SAPANCA","visalsapanca","05324894154","",""
"SAPANCA YILDIZ BUNGALOV","@yldzbungalovsapanca","+905414817294","",""
"SAPANCA BUNGALOV","@sapancabungalov","+905380259990","",""
"SAPANCA ANEMOS KONAKLAMA","@sapancaanemoskonaklama","+905307663522","",""
"SAPANCA KURUÇEŞME DELUXE HOUSE","@sapancakurucesmedeluxe","+905362055954","",""
"KARAGÖL BUNGALOV","karagolbungalovs","05322523054","",""
"SİSORTİ SAPANCA","sisortisapancabungalov","05324091627","",""
"LUCAS SAPANCA BUNGALOV","@lucassapancabungalov","+905453545414","",""
"EFTELYA TİNY HOUSE","eftelya.tinyhouse","05324859985","",""
"MAVERA BUNGALOW SAPANCA","@sapancamaverabungalow","+902646060872","",""
"SAPANCA ERL TREE BUNGALOV","sapancaerltreebungalov","05335635783","",""
"ELİTE LİFE BUNGALOV  SAPANCA","elitelifebungalov","05398437629","",""
"ETNA BUNGALOV","@etnabungalov","+905333141554","",""
"SAPANCA MAVİŞ BUNGALOV","sapancamavisbungalov","05335547357","",""
"KRD BUNGALOV","@sapancakrdbungalov","+905444489496","",""
"SAPANCA SİNDOMAN BUNGALOV","sindoman_bungalov","05339696654","",""
"HİLL HOUSE SAPANCA","hillhousesapanca","05398323345","",""
"DAY LİGHT SAPANCA","daylightsapanca","05302467702","",""
"LOYA SAPANCA","@loyasapanca","+905451225454","",""
"SAPANCA TURUNCU BUNGALOV","@sapancaturuncubungalov","+905512370019","",""
"ÇEMİ BUNGALOV","@sapancacemibungalow","+905385137518","",""
"MOLEGİNZE DAĞ EVİ","moleginze.dagevi","05337678722","",""
"TOLSOO WOODEN HOUSE","@tolsoowoodenhouse","+905457903321","",""
"MİYOS BUNGALOV SAPANCA","miyosbungalov_sapanca","05442038982","",""
"SAPANCA NEFES BUNGALOW","@sapancanefesbungalow","+908503089574","",""
"ROUND HOUSE SAPANCA","@roundhousesapancaaa","+905364415373","",""
"SAPANCA Bİ NEFES BUNGALOV","@binefesbungalov","+905366153072","",""
"LOST PARADİSE DAĞ EVİ SAPANCA","lostparadisedagevi","05443545493","",""
"HAPPY HOME SAPANCA","@happyhomesapancaa","+905359537454","",""
"ZEHRA BUNGALOV","@zehrabungalov","+905395091300","",""
"BY DAMLA BUNGALOV","@damlabungalov","+905422687055","",""
"SAPANCA BİZİM KONAK","sapancabizimkonak","905344813242","",""
"ALPHA VİLLA SAPANCA","alphavillasapanca","05330259354","",""
"MARRAKECK BUNGALOV","@marrakechbungalowsapanca","+905302987054","",""
"SUE BUNGALOV SAPANCA","@suebungalovsapanca","+905339389854","",""
"SAPANCA BİBER BUNGALOV","sapancabiberbungalov","05322770739","",""
"SAPANCA FAVELA SUİT","sapancafavelasuit","05318849497","",""
"NİSH VADİ SAPANCA","nishvadi","05303499699","",""
"LİVOR BUNGALOV","livorbungalov","05366057353","",""
"THALES BUNGALOV SAPANCA","@bungalovthales","+905069135787","",""
"SAPANCA YAKAMOZ BUNGALOW","@sapancayakamozbungalow","+905544037169","",""
"MC SAPANCA","@mcsapanca","+905326765441","",""
"OHOİ BUNGALOV","@ohoibungalov","+905335826882","",""
"GREEN VALLEY BUNGALOV SAPANCA","@bungalovgreenvalley","+905497692114","",""
"TURKUAZ SAPANCA SUİT VİLLAS","turkuazsapanca","05334178454","",""
"ARF BUNGALOV","arfbungalow","05340409607","",""
"MAYAN BUNGALOWS","@mayanbungalows","+905073781470","",""
"SAPANCA KONAK İLMİYE","konakilmiye","05305451706","",""
"SAPANCA ALANÇA BUNGALOV","@sapancaalancabungalov","+905342378654","",""
"ZUCCA SAPANCA","@zuccasapanca","+905396175555","",""
"LAQA SAPANCA","@laqasapanca","+905455024154","",""
"ORMANTİ BUNGALOV","@ormanti_bungalov","+905392221682","",""
"GREEN LOVE SAPANCA BUNGALOW","@greenlovesapanca_","+905334784725","",""
"ÇATI SAPANCA VİLLA RESORT","catisapanca","05010827070","",""
"SU SAPANCA","@susapanca","+905012545478","",""
"ELEGANT HOUSE","@eleganthousesapanca","+905324555493","",""
"DAĞALTI BUNGALOV  DAĞALTI SUİT BUNGALOV","sapancadagaltisuite","05339502473","",""
"SAPANCA GÖLGEM BUNGALOV","sapancagolgembungalov","05396474177","",""
"DOA BUTİK EVLER","doabutikevler","05385875794","",""
"DOSA VİLLA SAPANCA","dosavillasapanca","05326762751","",""
"AYAN BUNGALOV SAPANCA  SAPANCA VİLLA AYAN","ayanbungalovsapanca","05397134801","",""
"MK BUNGALOV SAPANCA","@mk_bungalov","+905525415454","",""
"BİCA SUİT","sapancabicasuit","05384975054","",""
"TILSIM DAĞ EVİ","@tilsimdagevi","+905366675280","",""
"MG SUİT BUNGALOV","mgsuitsapanca","05527823254","",""
"HILUX BUNGALOV","@hilux_bungalov","+905353587054","",""
"SAPANCA LORESİMA BUNGALOV","sapancaloresimabungalov","05468963878","",""
"SAPANCA NAZLI BAHÇEM BUNGALOW","@sapancanazlibahcembungalow","+905516918031","",""
"SAPANCA MERT BUNGALOV","@sapancamertbungalov","+905323151277","",""
"SAPANCA ASTERİA BUNGALOV","sapancaasteria","05304166054","",""
"SAPANCA MASAL EVLERİ","@sapancamasalevleri","+905362884601","",""
"SAPANCA ELYSİAN HOUSES","elysianhouses","05415925454","",""
"SAPANCA ASPİRAS HOUSE","sapancaaspirashouse","05521766437","",""
"MANZARAM SAPANCA BUNGALOV","manzaramsapancaa","05529426171","",""
"CASANUEZ SAPANCA","@casanuezsapanca","+905418856190","",""
"LEMOON HOUSE & BUNGALOV","@sapancalemoonhouse","+905072503184","",""
"BİBAHA BUNGALOW SAPANCA","bibahabungalowsapanca","905312724454","",""
"RAST SAPANCA","@rastsapanca","","",""
"ENOVİS BUNGALOV SAPANCA","enovisbungalovsapanca","05322643899","",""
"WHİTE STONE BUNGALOV SAPANCA","whitestonebungalovsapanca","05071731491","",""
"LOMİ SAPANCA","@lomi_sapanca","+905431566654","",""
"SAPANCA YURA BUNGALOV","@sapancayurabungalov","+905516870485","",""
"VOPİ BUNGALOV","@vopibungalov","+905323945070","",""
"CK SAPANCA","@ck.sapanca","+905396072054","",""
"MABEYN SAPANCA BUNGALOV","@mabeynsapanca","+905396425315","",""
"MELEGONA BUNGALOV","@melegonabungalovsapanca_","+905412272552","",""
"MUCİZE BUNGALOV","mucizebungalov","05454710328","",""
"SAPANCA BUNGALOVCA","@sapancabungalovca","+905543244400","",""
"ARMONİA BUNGALOV","armoniabungalows","05335684154","",""
"GÜMÜŞ VADİ BUNGALOV","sapancagumusvadibungalov","05425477075","",""
"SAPANCA SNS KUZEY BUNGALOV","@sapancabungalovsns","+905326632443","",""
"BAŞER TAŞ EV","@basertasev","+905327256511","",""
"HES BUNGALOV EVLERİ","@hesbungalov","+905370565427","",""
"ADALİFE BUNGALOV","adalifebungalov","05355554144","",""
"SAPANCA GOLDEN LİFE SUİT BUNGALOV","sapancagoldenlifebungalov","05058105454","",""
"SAPANCA DAİSY BUNGALOW","sapancadaisybungalow","05464263454","",""
"REYYAN BAHÇE  LİDYA BUNGALOVS","sapancalidyabungalows","05434796442","",""
"ROOMY TİNY HOUSE","roomytinyhouse","05327859680","",""
"NT SAPANCA BUNGALOV","@sapancant","+905330765394","",""
"SAPANCA LOTUS BUNGALOW","@sapancalotusbungalow","+905325862808","",""
"ORLİN BUNGALOV","sapancaorlinbungalov","905382744354","",""
"NATURAL LIFE BUNGALOWS","@sapancanaturalbungalows","+905322265550","",""
"SAPANCA ROYAL BUNGALOV","@sapancaroyalbungalov","+905339611334","",""
"DERİN HOUSE SAPANCA","derinhousesapanca","05540181854","",""
"TWİN BİRDS SAPANCA","twinbirdsapanca","05339179500","",""
"SAPANCA PİNE LİFE","sapancapinelife","05491227463","",""
"AHENK BUNGALOW SAPANCA","@sapancaahenkbungalow","+905536851253","",""
"SAPANCA TRİO BUNGALOV","sapancatriobungalow","05050425454","",""
"MY GORGEUS SAPANCA","@mygorgeoussapanca","+905464846802","",""
"BUNGALOV KEYİF","bungalovkeyif","05011555454","",""
"777 SAPANCA","@777sapanca","+905336045477","",""
"SAPANCA HİDALAL BUNGALOV","sapancahidalalbungalov","05377264130","",""
"SAPANCA BEKA BUNGALOV","@sapancabekabungalov","+905074193409","",""
"SAPANCA OTTO SUİT BUNGALOV","ottosuitbungalovsapanca","05313036886","",""
"GOLDEN LUXURY BUNGALOV SAPANCA","@glbsapanca","+905419005400","",""
"ALİS PARADİSE BUNGALOV","alisparadisebungalov","05496915400","",""
"UMAY BUNGALOV","@umaybungalov","+905353027554","",""
"NİOS BUNGALOV SAPANCA","niosbungalovsapanca","05364989997","",""
"LAVİNİA BUNGALOW","laviniabungalowsapanca","05377775848","",""
"ALP'İN BUNGALOV SAPANCA","alpin.bungalovsapanca","05541282746","",""
"SİMA BUNGALOV SAPANCA","simabungalovsapanca","05521413454","",""
"VG BUNGALOW SAPANCA","@vgbungalovsapanca","+905360359080","",""
"SAPANCA COCO SERENİTY BUNGALOV","sapancacocoserenitybungalov","05419704154","",""
"SAPANCA ES BUNGALOV","@es_bungalov","+905433895466","",""
"RİVA SAPANCA","rivasapanca","05070193998","",""
"SAPANCA AYZA BUNGALOV","sapanca_ayza.bungalov","05320522820","",""
"ZK WOODEN VİLLAGE","zkwoodenvillage","05309107654","",""
"SAPANCA NATURAL HOUSE","sapancanaturalhouse","05423545483","",""
"JUNO BUNGALOVMAJALİS BUNGALOV","junobungalovsapanca","05356378370","",""
"ARMONİ LİFE BUNGALOV","armonilifebungalov","05313582584","",""
"SAPANCA EFENDY SUİT 2","efendysuit","05426530492","",""
"SAPANCA MAVİ YEŞİL BUNGALOV","sapancamaviyesilbungalov","05336337782","",""
"ESKİ OCAK DAĞ EVİ","@sapancaeskiocakdagevi","+908503074705","",""
"LA PALMA BUNGALOV","@lapalmabungalov","+905301721557","",""
"ÇİFTLİK BUNGALOV & RESTAURANT","sapancaciftlikbungalov","08503088418","",""
"SAPANCA DRAGOS BUNGALOW","@sapancadragosbungalow","+905350122168","",""
"SAPANCA FOUR SEASONS BUNGALOV","@sapancafourseasons","+905307941046","",""
"SAPANCA DRONE","@sapancadrone","+905323365822","",""
"SAPANCA DOA BUNGALOVS","@sapancadoabungalovs","+905308491464","",""
"HARTOMA SAPANCA BUNGALOV","@hartomasapancabungalov","+905011264648","",""
"SAPANCA VİVA LA VİDA DAĞ EVİ","sapancavivalavida_dagevi","05386432077","",""
"GMA FAMİLY VİLLA & BUNGALOV","gmafamilyvillabungalov","05316676856","",""
"CORNER LİFE BUNGALOW","sapancacornerlifebungalow","05497661771","",""
"VİTALİS SAPANCA BUNGALOV","vitalissapanca","05446759727","",""
"STAY İN SAPANCA","stayinsapanca","05316413633","",""
"SEBİLLA SAPANCA","sebillasapanca","05467969033","",""
"ANNA SAPANCA BUNGALOV","@annasapancabungalov","+905334588393","",""
"Mısra bungalow","@sapancamisrabungalow","+905346481113","",""
"HARMONY OF NATURE BUNGALOV","@harmonysapanca","+905358936380","",""
"GREEN WORLD BUNGALOV 2","@greenworldbungalov2","+905367419873","",""
"CHALET DU LAC SAPANCA BUNGALOV","@exploretagssapancabungalov","+905411815999","",""
"PEARL SAPANCA BUNGALOV","@pearlsapancabungalov","+905418083854","",""
"SAPANCA VANİLLA BUNGALOV","sapancavanillabungalov","05358558431","",""
"GÖL EVİM SAPANCA","golevimsapanca","05301155454","",""
"SAPANCA MARİNE HOUSE","sapancamarinehouse","05491215454","",""
"SAPANCA ADA KARYE BUNGALOV","@sapancadakarye","+905070639392","",""
"ATABERR BUNGALOV","@sapancaataberrbungalow","+905393957880","",""
"VİOLA RESORT SAPANCA","violaresortsapanca","05468423906","",""
"HİDDEN HEAVEN BUNGALOV","hiddenheavensapanca","05074121518","",""
"GEZEGEN BUNGALOV","gezegenbungalow","05397480571","",""
"TELESKOP SUİT","sapancateleskopsuit","905300791503","",""
"KORU BUNGALOV","@sapancakorubungalov","+905385421009","",""
"RİSE'N SHİNE BUNGALOW SAPANCA","shinesapanca","05421301654","",""
"BUMBLEBEE SAPANCA BUNGALOV","@bumblebeesapanca","+905358594714","",""
"LOFT BLACK SAPANCA","@loft.black.sapanca","+905326306801","",""
"PİERRE ROR SAPANCA","pierrerorsapanca","05356175493","",""
"AĞAÇ EV SAPANCA","@agacevsapanca","+905322516563","",""
"SAPANCA LARA VİLLA BUNGALOW","larabungalowsapanca","05337369909","",""
"SAPANCA SAKLI CENNET BUNGALOV","@sapancasaklicennetbungalovv","+905375403764","",""
"LODOS BUNGALOV","@lodosbungalov","+905369826589","",""
"BABE SAPANCA","@babesapanca","+905354401516","",""
"GREEN LİFE SAPANCA","greenlifebagevi","05333748051","",""
"HEART OF THE FOREST","@heartoftheforest54","+905335931054","",""
"BONTE SAPANCA","@bontesapanca","+905334166938","",""
"ROSE GARDEN SAPANCA","@sapancarosegardenbungalov","+905330544861","",""
"SAPANCA MİMOZA GARDEN BUNGALOV","sapancamimozagardenbungalov","05445304331","",""
"PYRAMİD SAPANCA","pyramidsapanca","05326291715","",""
"ALA SAPANCA DELUXE","@alasapancasuit","+905323322293","",""
"CASTLE OF SAPANCA","@castleofsapanca","+905386256554","",""
"SAPANCA 360 BUNGALOWS","@sapanca360bungalows","+905324796332","",""
"BAYRAKLI DAĞ EVİ & BUNGALOV","@sapancabayraklidagevi","+905425161817","",""
"SAPANCA NO:1 BUNGALOW","no1bungalow","05452549901","",""
"SAPANCA HAPPY LİFE","sapancahappylife","05364193411","",""
"BURNAZ BUNGALOV SAPANCA","sapancaburnazbungalovcafe","05301254254","",""
"MODY SAPANCA","@sapancamodybungalov","+905333253254","",""
"NAZENDE BUNGALOV","@nazendebungalov","+905334527054","",""
"FOREST WORLD SAPANCA","@forest.world.sapanca","+905307978418","",""
"SAPANCA GREEN LİKE BUNGALOV","sapancagreenlikebungalov","05383667884","",""
"SERENDER KARADENİZ EVİ","serenderkaradenizevi","05375586346","",""
"SAPANCA DESTİNA BUNGALOW","sapancadestinabungalow","05382134857","",""
"MONTENA BUNGALOV SAPANCA","@montenasapanca","+905528599130","",""
"BLİSS BUNGALOV","blissapancaa","05373496639","",""
"AJARA HOUSE","@ajarahouse","+905458112420","",""
"LİNA BUNGALOV SAPANCA","linabungalovsapanca","05304811454","",""
"LA CASİTA BUNGALOW","lacasitabungalowsapanca","05535724169","",""
"OXORİ SAPANCA","@oxorisapanca","+905336798087","",""
"ÇINAR ÜSSÜ BUNGALOW","cinarussubungalow","05393259359","",""
"MİLAGRO & SUENO SUİT BUNGALOW SAPANCA","sapancamilagrosuitbungalow","05469295454","",""
"SRN SUİTE & HOUSE","sapancasrnsuite","05451315454","",""
"SAPANCA AKSA SUİT BUNGALOV","sapancaaksabungalov","05308922662","",""
"SAPANCA AGİA BUNGALOV","sapancaagiabungalov","05425438303","",""
"BLACK LOFT BUNGALOW SAPANCA","@blackloftbungalow","+905324228934","",""
"NEVBAHAR SAPANCA","nevbaharsapanca","05511665372","",""
"EMEY HOUSE","@emey.house","+905398150801","",""
"SAPANCA SAZLIGÖL BUNGALOV","sazligolbungalov","02645820011","",""
"SAPANCA ÇAĞLAYAN BUNGALOV  SAPANCA BUNGALOV OTELLERİ","@sapancabungalowotelleri","+905352461492","",""
"SAPANCA BOSS BUNGALOV","@sapancabossbungalov","+905310104775","",""
"SAPANCA ÇAMLIK EVLERİ","@sapancacamlikevleri","+905540232425","",""
"SAPANCA ÖZEN BUNGALOV","sapancaozenbungalov","05453552928","",""
"SAPANCA ANIL BUNGALOV","@sapancaanilbungalov","+905375574939","",""
"VOGE BUNGALOWS","@sapancavogebungalows","+905347251904","",""
"SAPANCA BENT BUNGALOV","@sapancabentbungalov","+905356822012","",""
"MAHMUDİYE RESORT","mahmudiyeresort","05326513912","",""
"EVA BUNGALOV","sapancaevabungalow","05323510174","",""
"SAPANCA SİLENCE BUNGALOV","sapancasilencebungalov","05010639620","",""
"SAPANCA KARDEŞLER BUNGALOW","@sapancakardeslerbungalow","+905308398454","",""
"SAPANCA LAST SUMMER","@sapancalastsummer","+905321645854","",""
"TALYA BUNGALOV SAPANCA","@eminetalhapolat","+905077996212","",""
"FALDA BUNGALOV","@sapancafaldabungalov","+905446089892","",""
"SAPANCA AYZADE BUNGALOV","@sapanca_ayzade_bungalov","+905456806359","",""
"OASİS WOODEN HOUSE","oasiswoodenhouse","05011614154","",""
"SAPANCA POLAT BUNGALOW","sapancapolatbungalow54","05303894501","",""
"SAPANCA ŞAH BUNGALOV","sapancasahbungalov","05427819184","",""
"GÜLER BUNGALOV","gulerbungalov","05393499742","",""
"NO:95 DELUXE BUNGALOV","no95deluxebungalov","905071819595","",""
"HAPPY ENJOY BUNGALOV","@enjoybungalow","+905301714820","",""
"WOODY HOUSE SAPANCA","@woodyhousessapanca","+905323063554","",""
"İNCE BUNGALOV","sapancaincebungalow","05301093054","",""
"DREAM DELUXE SAPANCA","@dreamdeluxe_sapanca","+905342715258","",""
"MAJESTY SAPANCA","@majestysapanca","+905320695470","",""
"BUNGALOV DEREİÇİ","bungalovdereici","05306155441","",""
"BUNGALOWLAND","@sapancabungalowland","+905412771965","",""
"SAPANCA BAMBU DAĞ EVİ  ROSS BUNGALOV","@sapancabambudagevi","+905318340515","",""
"E BLOK BUNGALOV","@eblok.bungalov","+905546615451","",""
"STAR HİLL SAPANCA","starhillsapanca","05386174242","",""
"ÇİNİLİ MAVİ KÖŞK","cinilimavikosk","05415633037","",""
"ARELSA SAPANCA","@arelsasapanca","+905064586803","",""
"SAĞIROĞLU SAPANCA","@sagirogludagevi","+905374624944","",""
"NORTH LİFE BUNGALOV SAPANCA","northlifebungalovsapanca","05300948443","",""
"LİVADİ SAPANCA","livadisapanca","05345479753","",""
"SAPANCA ZETA BUNGALOV","@sapancazetabungalov","+905059422654","",""
"DİAVA SAPANCA","diavasapanca","05300442826","",""
"PANA SAPANCA","@panasapanca","+905078080598","",""
"SAPANCA DREAM STAR BUNGALOV","@sapancadreamstarbungalow","+905376989857","",""
"NOVEL SAPANCA","@novelsapanca","+905307695158","",""
"MİNTİNİ TAŞ EV","sapancamintinitasev","05302094882","",""
"FOUR SEASONS BUNGALOW SAPANCA","@fourseasonsbungalowsapanca","+905310829058","",""
"SAPANCAŞİ PARPALİ BUNGALOV","@sapancasiparpali","+905456410854","",""
"LUSSO SAPANCA","","+905365573164","",""
"K7 SAPANCA BUNGALOVS","@k2sapanca","+905324981069","",""
"TİNY PALAS BUNGALOV EVLERİ","tinypalas","905072591818","",""
"GLASS GALOW BUNGALOV","@glassgalow","+905385873230","",""
"LORA BUNGALOV","@lorabungalovsapanca","+905438168191","",""
"SAPANCA BERRA BUNGALOV","@berrabungalov","+905337859054","",""
"MABEL BUNGALOV","@sapancamabelbungalov","+905316336577","",""
"AYS SUİT BUNGALOV","ays.suitbungalov","05316455145","",""
"BLS BUNGALOVE SAPANCA","@blsbungalovesapanca","+905362848697","",""
"SAPANCA SUDERE BUNGALOV","@sapancasuderebungalov","+905355400707","",""
"SAPANCA FREZYA BUNGALOV","@sapancafrezyabungalov","+905439635054","",""
"KEİL BUNGALOV","keilbungalovsapanca","05344053454","",""
"BLUE WHİTE CAMPİNG BUNGALOV","bluewhitecamping_bungalow","05330529541","",""
"LOCA SAPANCA BUNGALOV","@loca.sapanca.bungalov","+905374545864","",""
"İSTANBULDERE BUNGALOV (Sıcak havuz & Jakuzi)","","05052105406","",""
"PAPATYA BUNGALOV","@papatya_bungalov_sapanca","+905453703954","",""
"KIYI BUNGALOV & CAFE","sapancakiyibungalovcafe","05308703054","",""
"SAPANCA OFİDİ BUNGALOV","sapancaofidibungalov","05530176405","",""
"RELAX HOUSE SAPANCA","@relaxhouse.tr","+905537000685","",""
"STAR HOME","@sapancastarhome","+905310274754","",""
"MÜENBA BUNGALOW","sapancamuenbabungalow","05343134644","",""
"SAPANCA ÖZFER BUNGALOV","sapancaozferbungalov","0533231231905309016654","",""
"SAPANCA ARP BUNGALOV","@arpsapanca","+905314740054","",""
"GARDEN HOME BUNGALOV","@gardenhomesapanca","+905325564955","",""
"CABİN BUNGALOV SAPANCA","sapancacabinbungalov","05398800870","",""
"SAPANCA ŞEKER BUNGALOV","@sapancasekerbungalov","+905309019494","",""
"SAPANCA JASMİNE BUNGALOV","sapancajasminebungalov","05379133331","",""
"SAPANCA SAFARİ BUNGALOV","@sapancasafaribungalov","+905322824154","",""
"WOODLODGE COUNTREY SAPANCA","@wlcsapanca","+905528145954","",""
"EG SAPANCA BUNGALOV","@egsapanca","+905322908954","",""
"BADE BUNGALOV","@sapancabadebungalov","+905393189843","",""
"MAMA'S PALACE BUNGALOW HOTEL","mamaspalace","05399474343","",""
"SAPANCA WOOD SİDE BUNGALOV","sapancawoodsidebungalov","05320583654","",""
"BUNGARELLA DELUXE BUNGALOWS","@bungarellabungalows","+905448282054","",""
"SAPANCA ATLAS BUNGALOV","@atlasbungalov","+905301449770","",""
"KOTİ SAPANCA","kotisapanca","05069305007","",""
"KÖYLÜ BUNGALOV CAFE RESTOURANT","koylubungalov","05325858247","",""
"PANDA BUNGALOV","@pandabungalov","+905395472632","",""
"PREMİUM GOLD SAPANCA","premiumgoldsapanca","05364994154","",""
"SANNORA SUİTE & RİTA HOUSE","sannorasuite","05308183747","",""
"SİMURG BUNGALOV","sapancasimurgbungalov","05052179608","",""
"SAPANCA YEŞİL KÖY BUNGALOV","sapancayesilkoybungalov","05315058254","",""
"SAPANCA SAYRE RESORT","@sapancasayresort","+905321696577","",""
"ABELLA SAPANCA","@abella_sapanca","+905384714889","",""
"SAPANCA LOST BUNGALOV","@sapancalostbungalow","+905314588909","",""
"SAPANCA İMROZ VE POSEDİON","https:instagram.comottosuitsapancaimrozveposedion","05052584061","",""
"SAPANCA BALKAYA BUNGALOW","@sapancabalkayabungalow","+905316237254","",""
"SAPANCA REYYAN BUNGALOV","@sapancareyyanbungalov","+905303911054","",""
"CASABA SAPANCA","@casabasapanca","+905303986001","",""
"SAPANCA SAHRA KÜTÜK EV","sapancasahrakutukev","05442352554","",""
"SAPANCA ARKABAHÇE BUNGALOV","@sapancaarkabahcebungalov","+905347162780","",""
"DES BUNGALOV","@sapancadesbungalov","+905336488507","",""
"BABİL BAHÇE BUNGALOV","babilbahcebungalov","05431519191","",""
"WHİTE DELUXE SAPANCA","sapancawhitedeluxe","","",""
"SAPANCA DOĞANIN İNCİSİ","sapancadoganinincisi","05369123269","",""
"BLACK WHİTE BUNGALOV SAPANCA","blackwhitebungalovsapanca","05393600642","",""
"BOSSTANCİ BUNGALOV","@bosstancibungalovsapanca","+905427750154","",""
"BUZ BUNGALOV","@buzbungalov","+905318397166","",""
"SAPANCA KEMER BUNGALOV","@sapancakemerbungalov","+905466098405","",""
"MOONLİGTH HOUSE","moonlightsapanca","05356711854","",""
"HİLLTOP BUNGALOV SAPANCA","hilltopbungalovsapanca","05423913751","",""
"SAPANCA ALP BUNGALOV","@sapancaalpbungalow","+905445093454","",""
"LİVAM BUNGALOV  GAİA BUNGALOV","sapancalivambungalow","05310875900","",""
"WİLLA MİO BUNGALOV SAPANCA","willamiobungalov","05426066680","",""
"SAPANCA SOĞUCAK DAĞ EVLERİ","@sapancasogucakdagevleri","+905306433268","",""
"LOVE SEASONS","@loveseasonssapanca","+905302153654","",""
"SAPANCA LİTTLE HOUSE","sapancalittlehouse","05072571054","",""
"MEGA LİVADİ BUNGALOV","megalivadibungalov","05324184854","",""
"MEŞEALTI SUİT BUNGALOV","mesealtisuitbungalov","05327031311","",""
"KOZALAK VİLLA BUNGALOV","sapancakozalakbungalov","05063062154","",""
"LODGE SAPANCA BUNGALOW","@lodgesapanca","+905334185054","",""
"BAŞAK DAĞ EVLERİ","@sapancabasakdagevi","+905533136656","",""
"LERİ HOME BUNGALOV","@lerihomebungalov","+905326740753","",""
"SAPANCA LAKE HİLL","sapancalakehill","05456601514","",""
"FOREST  MİNİ FOREST BUNGALOV","sapancaforestbungalov","905414026366","",""
"MOUNTAİN DREAM HOUSE SAPANCA","mountaindreamhouse","05322362776","",""
"THE KAİA SAPANCA","thekaiasapanca","05451256054","",""
"SAPANCA SAFRAN BUNGALOV","@sapancasafranbungalov","+905388876642","",""
"SAPANCA MARADİDİ RESORT","sapancamaradidiresort","05334500154","",""
"GRAND PARADİSE SAPANCA","grandparadisesapanca","05304212750","",""
"SAPANCA LESA BUNGALOV","@sapancalesabungalov","+905396431654","",""
"SAPANCA TAŞ KALE BUNGALOV","@sapancataskalebungalow","+905315920479","",""
"SEYR-İ SAPANCA BUNGALOV","@seyrisapanca_bungalov","+905318637877","",""
"SAPANCA MİRA TİNY HOUSE","miratinyhouse","05415533635","",""
"TWİNS BUNGALOW","twinsbungalowsapanca","05053527240","",""
"AYAZ BUNGALOW SAPANCA","@ayazbungalowsapanca","+905012362807","",""
"SRK KONAKLARI SAPANCA","@srkbungalovsapanca","+905443915454","",""
"TUTASTE SAPANCA","@tutastesapanca","+905332231732","",""
"SAPANCA TİME BUNGALOV","sapancatime","905066720255","",""
"MAVİ BUNGALOV","@sapancamavibungalovs","+905075059489","",""
"ÇEBİ PANAROMA LUXURY SAPANCA","@cebipanoramasapanca","+905535486161","",""
"SAPANCA BAŞAK DAĞ EVİ 2","@sapancabasakdagevii2","+905426702312","",""
"NOXX BUNGALOWS SAPANCA","@noxx.sapanca","+905358542377","",""
"SAPANCA KAİROS BUNGALOV","sapancakairosbungalov","05451515424","",""
"RS SUİT BUNGALOV","rssuitbungalowsapanca","05374658724","",""
"RUALTU BUNGALOV","@rualtubungalov","+905350155730","",""
"SAPANCA GAZALLE HOUSE","@gazellehouses","+905424047657","",""
"BERKDENİZ BUNGALOV","sapancaberkdenizbungalov","05322036020","",""
"SAPANCA FİNE DELUXE","sapancafinedeluxe","05356595454","",""
"BLACK LAKE SAPANCA","@blacklakesapanca","+905346930954","",""
"SAPANCA LADİN BUNGALOV","sapancaladinbungalov","05445442357","",""
"DARK HOUSE SAPANCA","darkhousesapanca","05441775854","",""
"SHİMA BUNGALOV","sapancashimabungalow","05062840384","",""
"WOODEN PALACES","@sapanca.woodenpalaces","+905492740054","",""
"SAPANCA EKC SUİT BUNGALOV","sapancaekcsuitbungalov","05324498754","",""
"VELOUR SAPANCA","@veloursapanca","+905300977817","",""
"SAPANCA CHERRY BUNGALOV","@sapancacherrybungalov","+905446040501","",""
"BİLDA BUNGALOV","bildabungalow","05339621054","",""
"DOA BUNGALOV SAPANCA","@doasapanca","+905523624400","",""
"CHİLL SAPANCA","chillsapanca","05436700580","",""
"POLAT BUNGALOV","@polat.bungalov","+905326424396","",""
"DORUK BUNGALOW","@sapanca.dorukbungalow","+905358811871","",""
"SAPANCA B&K BUNGALOV  LİFE DOME SAPANCA LÜKS GLAMPİNG","bkbungalov","05444480254","",""
"SAPANCA UĞURLU BUNGALOV","@sapanca_ugurlu_bungalov","+905326381856","",""
"HİLLORİA TATİL KÖYÜ SAPANCA","hilloriatatilkoyu","05322720011","",""
"HAN SUİT SAPANCA","hansuitsapanca","05315059926","",""
"BARAKA SAPANCA","@barakasapanca","+905451227252","",""
"NUT GARDEN BUNGALOV","@nutgardenbungalov","+905335087468","",""
"LAKE LOOK SAPANCA","@lakelooksapanca","+905301867454","",""
"DAVİLLA SAPANCA","davilla_sapanca","05325250118","",""
"OBA SAPANCA","@obasapanca","+905322481881","",""
"KARAM BUNGALOV","@karam_bungalov","+905442054096","",""
"VİSTA BUNGALOV","vistabungalovsapanca","05362193559","",""
"VİLLA DEM","villadems","905303798754","",""
"SAPANCA MELEN SUİT VİLLA BUNGALOV","sapancamelensuitbungalov","05377346641","",""
"SUNLİGHT BUNGALOV","sunlightbungalov","05330883454","",""
"SAPANCA MAVİ SAZLIK BUNGALOV","@mavisazlk","+905327040236","",""
"SAPANCA YEŞİLTEPE DAĞ EVİ","sapancayesiltepedagevi","05516427667","",""
"SAPANCA ELORA BUNGALOV","@sapancaelorabungalov","+905352715419","",""
"DÖRT MEVSİM SAPANCA RESORT","sapancadortmevsimresort","05464628938","",""
"ZENİT BUNGALOV SAPANCA","zenitbungalov","05308866227","",""
"JARDİN BUNGALOV SAPANCA","jardin_bungalov_sapanca","05427798008","",""
"LOMEPE SAPANCA DAĞ EVLERİ","@lomepesapanca","+905326649512","",""
"SAPANCA SU BUNGALOV","@sapanca_su_bungalov","+905399338056","",""
"BEFA BUNGALOV","@sapancabefabungalov","+905442449683","",""
"GREEN LİFE BUNGALOW","green_lifebungalow","05467383341","",""
"SAPANCA BUNGALOVYA","@sapancabungalovya","+905323845329","",""
"KARMEN BUNGALOV","@karmenbungalovsapanca","+905335825416","",""
"Sapancabunglove","@sapancabunglove","+905551733606","",""
"JOJO BUNGALOW SAPANCA","jojobungalowsapanca","05012401122","",""
"EKSADO RESORT","@eksadoresort","+905323895480","",""
"ASDESA SKY GARDEN","@sapancaasdesaskygarden","+905327417787","",""
"KARTAL VADİSİ DAĞ EVLERİ","kartalvadisidagevleri","05378978473","",""
"LİVZA BUNGALOV","livza.bungalov","05531994972","",""
"HOCUS & POCUS BUNGALOV","@sapancavillagreen","+905530875319","",""
"GREEN LEAF SAPANCA","@greenleaf.sapanca","+905395284054","",""
"ROLLİNG HOUSE","rollinghousesapanca","05330468554","",""
"KİWİ GARDEN HOUSE","kiwigardenhouse","05324316354","",""
"ALCEDO BUNGALOV","@alcedobungalov","+905306025054","",""
"SAPANCA ÇİÇEK BUNGALOV","sapancacicekbungalov","05396948566","",""
"SAPANCA DEJAVU BUNGALOV","@sapancadejavubungalov","+905351006425","",""
"DOĞA BUNGALOW","@dogabungalowsapanca","+905454515505","",""
"SAPANCA BONİTA BUNGALOV","bonitabungalovsapanca","05304257269","",""
"MOTA SAPANCA BUNGALOV","@motasapancabungalov","+905411215475","",""
"GREEN TOWN SAPANCA","greentownsapanca","05334027254","",""
"LİFE iS HERE SAPANCA","lifeisheresapanca","05339207084","",""
"AKVARYUM SAPANCA","@akvaryumsapanca","+905324401124","",""
"SAPANCA GÖLDİBİ SUİT BUNGALOV","sapancagoldibisuitbungalov","02645920054","",""
"AİLE BUNGALOV","ailebungalov","05457996955","",""
"SAPANCA TEOYA BUNGALOV","@sapancateoyabungalov","+905334333654","",""
"BUTİK EVLER SAPANCA","butikevlersapanca","05526071886","",""
"SAPANCA UPSİDE BUNGALOV","sapancaupsidebungalov","905530857793","",""
"THE JUNGLE SAPANCA","@thejunglesapanca","+905394393109","",""
"MARKUS BUNGALOV","@markusbungalov","+905321551612","",""
"SAPANCA NAZ BUNGALOV","@sapanca_naz_bungalow","+905324190297","",""
"SAPANCA EFENDY SUİT","sapancaefendysuit","05418124134","",""
"SAPANCA BELİS BUNGALOV","sapancabelisbungalov","05540225460","",""
"SAPANCA OLİVİA BUNGALOV","sapancaoliviabungalov","05320522723","",""
"SAPANCA BUNGALOW LİFE","sapancabungalowlife","05321761875","",""
"KAYA PALACE SAPANCA BUNGALOW","@kayapalacesapanca","+905306690454","",""
"SİZMARİ DAĞ EVİ","sizmaridagevi","05438638300","",""
"BUNGALOV NO:111","bungalovno111","05309460254","",""
"MİRUS SAPANCA","mirussapanca","05491225454","",""
"BİGİNN SAPANCA","bungalov_sapanca_biginn","05059237211","",""
"SAPANCA MEHAYZEY BUNGALOV","sapancamehayzeybungalovevleri","05355506959","",""
"MY RESORT PRİVE OTEL","myresortprive","05497748354","",""
"THE DOA BUNGALOV","@thedoabungalov","+905324244660","",""
"CBC PLUS BUNGALOV & VİLLA","sapancacbcplus","05337040354","",""
"SAPANCA WONDER","@sapancawonder","+905326629348","",""
"SAPANCA NEBULA BUNGALOV","@sapancanebulabungalov","+905071382805","",""
"MSC SUİTES BUNGALOW","mscsuitesbungalow","05325210592","",""
"AŞKIN BUNGALOVE","@askinbungalove","+905411364100","",""
"SAPANCA YEŞİLTEPE SARAYLARI & BUNGALOV","sapancayesiltepebungalov","05431685132","",""
"NESS BUNGALOV","nessbungalov","05365808548","",""
"NANA SAPANCA","@nanasapanca","+905325623754","",""
"BAŞKA SAPANCA","@baskasapanca","+905538185434","",""
"MOOD SAPANCA","@moodsapanca","+905326547552","",""
"BARİA SAPANCA","bariasapanca","05550548754","",""
"BEBOSS RESORT SAPANCA","@beboss_resort_sapanca","","",""
"SAPANCA AHESTE BUNGALOV","@sapancaahestebungalov","+905455444101","",""
"SAPANCA TURNA BUNGALOV","@sapancaturnabungalov","+905392744906","",""
"SAPANCA MT SUİT BUNGALOV","sapancamtsuitbungalov","05316435554","",""
"PRİCE HOUSE SAPANCA","pricehousesapanca","05333313454","",""
"NATURE HOUSE","@sapancanaturehouse","+905323717322","",""
"SAPANCA NİRVANA BUNGALOV","sapancanirvanabungalovv","05324074354","",""
"MAGİC BUNGALOV","magicbungalowsapanca","05325451227","",""
"SAPANCA MYSTİC BUNGALOW","sapancamysticbungalow","05383904465","",""
"KAYIP ORMAN DAĞ EVLERİ","@sapancakayipormandagevleri","+905322906454","",""
"FOREST VİEW SAPANCA","forestviewsapanca","05518947070","",""
"NARLI BAHÇE BUNGALOV","@sapancanarlibahcebungalov","+905527088701","",""
"SAPANCA SUNDAY BUNGALOV RESORT","@sapancasundaybungalovresort","+905321355488","",""
"SAPANCA ZENKA BUNGALOV","@sapancazenkabungalov","+905054955830","",""
"SAPANCA ÇINARDERE BUNGALOW","@sapancacinarderebungalow","+905553940611","",""
"SAPANCA AÇELYA BUNGALOV","@sapancaacelyabungalov","+905303445441","",""
"PRİVE BUNGALOV SAPANCA","privebungalov","905010097624","",""
"MELODİ BUNGALOV","@melodibungalovsapanca","+905305214843","",""
"SEYRİGÖL BUNGALOV SAPANCA","seyrigolbungalovsapanca","05357031887","",""
"RÜZGAR BUNGALOV","ruzgarbungalovsapanca","05452430854","",""
"SAPANCA TİNY HOME","sapancatinyhome","05497842400","",""
"RİVERSİDE BUNGALOV","riversidebungalov","05334764086","",""
"SİLVER LİFE BUNGALOV","silverlifebungalovs","05517040016","",""
"SAPANCA SİS VADİ BUNGALOV","sapancasisvadibungalov","05388691842","",""
"SAPANCA GRAND BUNGALOV","@sapancagrandbungalov","+905308284369","",""
"NAME XL SAPANCA BUNGALOV","@namexlsapanca","+905337678140","",""
"SAPANCA MGM BUNGALOW","@mgmbungalov","+905337661054","",""
"WONDER HİLL BUNGALOV","sapancawonderhillbungalov","05325705441","",""
"ŞİFAKÖY BUNGALOV","","05313155790","",""
"SAPANCA ELZEY SUIT BUNGALOV","@sapancaelzeysuitbungalov","+905386889894","",""
"BOZ BUNGALOV SAPANCA","@bozbungalovsapanca","+905323875409","",""
"ÇETİN GARDEN BUNGALOV","cetingardenbungalov","05387783828","",""
"SAPANCA DURU BUNGALOV","@durubungalov","+905308106997","",""
"SAPANCA CARPE DİEM BUNGALOV","sapancacarpediembungalov","05442565600","",""
"MÜNZEVİ BUNGALOV","munzevibungalov#","05306769054","",""
"YSL SAPANCA","@ysl_sapanca","+905339670154","",""
"DES VU SAPANCA","@desvusapanca","+905431605441","",""
"PALACE SAPANCA","@palace_sapanca","+905344475492","",""
"İCB DİAMOND SAPANCA","icbdiamondsapanca","05350267188","",""
"ADAGULİ BUNGALOV SAPANCA","@adaguli_bungalov_sapanca","+905438271474","",""
"SANTE VİTA SAPANCA","santevitasapanca","","",""
"SAPANCA DEREBOYU KONAKLARI","@dereboyukonaklari","+905304359682","",""
"SAPANCA GEZGİN SUİTES  GEZGİN HOUSE","sapancagezginsuites","05419257108","",""
"VOKA SAPANCA","@vokasapanca","+905435408652","",""
"SAPANCA CEVHER BUNGALOV","@sapancacevherbungalovs","+905346622535","",""
"MONAROZA SAPANCA","@monarozasapanca","+905332621426","",""
"SAPANCA DREAM HOUSES 2  ANGELOZİ KIRKPINAR","@sapancadreamhouses2","+905439207897","",""
"BAYY BUNGALOV","@bayybungalov54","+905348539095","",""
"SAPANCA RUMA BUNGALOV","@sapancaruma","+905367123437","",""
"SAPANCA LİTHA BUNGALOV","sapancalithabungalov","05339635683","",""
"SAPANCA BUTKA BUNGALOV","@sapancabutkabungalov","+905356636999","",""
"SOLE BUNGALOV","@solebungalovsapanca","+905385284279","",""
"PAYE SAPANCA","@payesapanca","+905540190507","",""
"İNCİ TİNY HOUSE","incitinyhouse","05346005141","",""
"ASİL BUNGALOV","asilbungalov","05359776929","",""
"GALYA BUNGALOV SAPANCA","@galyabungalovsapanca","+905334237554","",""
"KAYALAR SAPANCA BUNGALOV","@kayalarsapancabungalov","+905358129498","",""
"SAPANCA VİNEYARD HOUSE","sapancavineyardhouse","05417710254","",""
"SAPANCA DREAM HOUSES","sapancadreamhouses","05301212582","",""
"PALVİA  SUİT BUNGALOV SAPANCA","palviasuitebungalov","05054951086","",""
"SAPANCA PETUNYA  BLACK WOODEN BUNGALOV","@blackwoodenbungalov","+905321784390","",""
"SAPANCA BALMY BUNGALOV","@sapancabalmybungalows","+905075196028","",""
"ELİT HOME'SS SAPANCA","elithomessapanca","05364258960","",""
"NURİ BEY KONAKLARI","nuribeykonaklari","05324089879","",""
"TANTA BUNGALOV","@sapanca_tanta_bungalov","+905368767134","",""
"SAPANCA BRONO SUİT BUNGALOW","bronosapanca","905461193554","",""
"SAPANCA KÜÇÜK GÖL KÖY","sapancakucukgolkoy","05308982453","",""
"MAYA SAPANCA","@mayasapanca","+905051606292","",""
"BLOOM SAPANCA","bloomsapanca","05322516454","",""
"BOHEME BUNGALOW","@bohemebungalowsapanca","+905465985454","",""
"Elis Tiny House","elistinyhouse","05548265095","",""
"HHZ GREEN LİFE STALL","greenlifesimasapanca","05301744365","",""
"SOFHANLI VADİSİ","sofhanlivadisibungalow","05383160071","",""
"SAPANCA MOMENT BUNGALOV","@sapancamomentofficial","+908502410979","",""
"SAPANCA KURUÇEŞME TINY HOUSE","sapancakurucesmetinyhouse","05306425489","",""
"ELYA BUNGALOV","@elyabungalov","+905369663592","",""
"PEPELA","","+905300307366","",""
"SAPANCA KESKİN LİFE BUNGALOV","sapancakeskinlifebungalov","05413023307","",""
"SESA SAPANCA","@sesasapanca","+905010545448","",""
"SAPANCA İNFİNİTY HOUSE","sapancainfinityhouse","05356554848","",""
"SAPANCA DEREİÇİ BUNGALOV","sapancadereicibungalov","05301393454","",""
"SAPANCA BUNGALİFE","sapancabungalife","05322648703","",""
"GREEN GATE BUNGALOV","@greengatebungalov","+905324679229","",""
"SULTAN SARAYI SAPANCA","@sultansarayisapanca","+905332645483","",""
"THEA SAPANCA BUNGALOV","@theasapanca","+905073525441","",""
"DREAM BUNGALOV SAPANCA","@dreambungalowssapanca","+905337361900","",""
"SAPANCA SERA BUNGALOV","@sapancaserabungalov","+905462560022","",""
"FOREST HİLL BUNGALOW","foresthillbungalowsapanca","05306054997","",""
"GOLDEN PALACE SAPANCA","@goldenpalacesapanca","+905438295454","",""
"GREEN HİLL BUNGALOV SAPANCA","greenhillbungalow","05052179812","",""
"ÇAKIR BUNGALOV SAPANCA","@cakirbungalov.sapanca","+905542634043","",""
"HAT NATUREL SAPANCA","@hatnaturelsapanca","+905339175424","",""
"ATA EXPRESS SAPANCA","@ataexpressapanca","+905379165204","",""
"AKS SAPANCA","@akssapanca","+905308542741","",""
"SAPANCA HAYALLERİM BUNGALOV","sapancahayallerimbungalov","05350564681","",""
"ABC SAPANCA","@abcsapanca","+905356515063","",""
"Ferhat Göçer Konseri","","","",""
"Gökhan Türkmen","","","",""
"Cem Adrian Konseri","","","",""
"CEM ADRİAN KONSERİ","","","",""
"Sapanca El Sanatları Festivali","","","",""
"SEMİCENK Konseri","","05321731109","",""
"PSB Anatolia Uluslararası Peyzaj Süs Bitkileri Bahçe Sanatları ve Ekipmanları Fuarı","","","",""
"OFF-ROAD YARIŞLARI","","","",""
"BABAYANİ TİYATROSU - TEBDİL-İ DİYAR","","","",""
"ZİRVEDE MÜZİK GÖKYÜZÜNDE EĞLENCE","","","",""
"VİLLA HOLİDAY","villaholiday","05325026199","",""
"SAPANCA VİLLA SAKURA","sapancavillasakura","05308575986","",""
"VİLLA POLİ SAPANCA KIRKPINAR","villapolikirkpinar","05323995587","",""
"VİLLA ARİF BEY SAPANCA","villaarifbeysapanca","05532220364","",""
"RÜYA SAPANCA","ruyasapanca1","05319296899","",""
"DEEP LUXURY SAPANCA","@deepluxurysapanca","+905425895154","",""
"VİLLA MANOLYA EDO PANSİYON","villamanolya","05327337116","",""
"VİLLA İN NATURE SAPANCA","villa_in_nature","05350481882","",""
"GÜZEL EVLER SAPANCA","guzelevlersapanca","905452546454","",""
"SAPANCA MAVİ YEŞİL KÖY EVİ","sapancamaviyesilkoyevi","05385502704","",""
"ARI VİLLALARI SAPANCA","arivillalarisapanca","05322701808","",""
"EREN-MANZARA 1-MANZARA 2-GRAND VADİ-WHİTE ROSE VİLLA","sapancaerenvilla","905326517105","",""
"BONANA VİLLALARI","bonana.villalari","05304960189","",""
"ASTRA WOODEN HOUSE","@astrawoodenhouse","+905356312491","",""
"VİLLA FRAPAN SAPANCA","villafrapan","05366734707","",""
"MEGA VİLLAGE SAPANCA","mega.village.sapanca","05335169558","",""
"SAPANCA WHİTE HOME KONAKLAMA","whitehomesapanca","05058558954","",""
"VİLLA MAHAL SAPANCA","villamahalsapanca","05326490254","",""
"KALE HOUSES","@kalehouses","+905419302128","",""
"SAPANCA KOKİNA SUİT","sapancakokinasuit","05382283054","",""
"MEADOW SAPANCA","@meadowsapanca","+905306479754","",""
"SELVİ LİFE VİLLAS","lifeselvivillas","05346029506","",""
"MARBELLA VİLLAM","marbellavillam","05412543071","",""
"SEVİMLİ VİLLA","sapancavillasevimli","05323858003","",""
"MCLİFE VİLLAS","mclifevillas","08504200302","",""
"KOÇBEY BUTİK OTEL SAPANCA","kocbeybutikotelsapanca","905332323374","",""
"SAPANCA PİNK HOUSE","sapancapinkhouse","05524419230","",""
"VİLLA PİNE SAPANCA","privatevillasapanca","05455718873","",""
"VİLLA BAHAR SAPANCA | TATİL | OTEL | KONAKLAMA","villabaharsapanca","05398850270","",""
"İKİZ VİLLALAR","ikiz_villalar54","05392529248","",""
"VİLLA UĞUR &BUNGALOV","villaugur","05316821155","",""
"SAPANCA DOĞAL YAŞAM KÖYÜ","sapancadogalyasamkoyu","05350560854","",""
"SİNDOMA MOUNTAİN HOUSE","sindomasapanca","05385460023","",""
"KONAK SAPANCA","@konaksapanca","+905458775400","",""
"NİBRAS VİLLA RESORT","nibrasvillaresort","05528322488","",""
"SHINO LUXURY RESORT","@shinosapanca","+905323308354","",""
"KİWİ SAPANCA","kiwiisapanca","05313602930","",""
"SADE SAPANCA","@sadesapanca","+905312475035","",""
"LUZ DE LUNA SAPANCA","@luzdelunasapanca","+905335643256","",""
"ASYA HOUSE SAPANCA","@asyahousesapanca","+905427265400","",""
"VİLLA ULUSOY SAPANCA","villaulusoysapanca","05356869524","",""
"BARİA SAPANCA SUNSET VİLLAS","bariasapancasunsetvillas","05336122112","",""
"VİLLA FAZİ","villafazi","05305258868","",""
"VİLLA POLENTE  VİLLA GRANDE ALBERO SAPANCA","villa_grande_albero","05330137202","",""
"SAPANCA İNCİ SUİT","sapancaincisuit","05357851754","",""
"KULE SAPANCA","@kulesapanca","+905431665454","kulesapanca@gmail.com","https://www.kulesapanca.com"
"GİNKGO VİLLAS","ginkgovillas","05446585858","",""
"SAPANCA MONTANA VİLLA","sapancamontanavilla","05547750660","",""
"KIYICI KONAK","@kiyicikonak","+905326308008","",""
"HİGH GARDEN VİLLAS","highgardensapancavillas","05538726740","",""
"SAPANCA VİLLA KLASS","sapancavillaklass","05380373111","",""
"VİLLA AYIŞIĞI","villaayisigisapanca","05382246349","",""
"SAPANCA VİLLA ŞEN","sapancavillasen","05413959919","",""
"VİLLA B PRİVATE SAPANCA","villabprivate","05335643256","",""
"VİLLAM SAPANCA","villamsapanca","05380700558","",""
"SAPANCA VİLLA EYFEL","villa_eyfell","05362519787","",""
"LOTUS HOME SAPANCA","@lotushomesapanca","+905324053493","",""
"TALE HOUSE SAPANCA","@talehouse_sapanca","+905427123904","",""
"EFE KÖY EVİ","efekoyevi","05336406884","",""
"SASİRİUS SHİNE SAPANCA","sasiriusshine","05462590101","",""
"NİHANE VİLLA","nihane.villa","05071471307","",""
"SAPANCA VİLLA PALAS","sapancavillapalas","05318963154","",""
"NUBU HOUSE","@nubuhouse","+905399641113","",""
"ŞEVKİBEY SERENİTY  ŞEVKİBEY KONAĞI","sevkibeyserenity","05353668893","",""
"TAŞ BAHÇE SAPANCA","@tasbahce_sapanca","+905303688854","",""
"HAN SAPANCA","@hansapanca","+905325698434","",""
"VİLLA BLUE SAPANCA","villabluesapanca","05444374331","",""
"VİLLA GREEN","sapancavillagreen","05530875319","",""
"REAL LOVE VİLLAS","reallovevillas","05340736347","",""
"VİLLA NORTH SAPANCA","villanorthsapanca","05322122501","",""
"TERRA HOUSE SAPANCA","@terrahousesapanca","+905303204111","",""
"VİLLA WONKA SAPANCA","villawonkasapanca","05332266879","",""
"VİLLA NİLÜFER SAPANCA","villanilufersapanca","05444489496","",""
"HAME PİRA SUİTES","hame_pira","905335837281","",""
"SAPANCA BUNGOVİLLA","sapancabungovilla","905325409281","",""
"LA VİTA VİLLA","la_vita_villa","05337006655","",""
"SAWSANA VİLLALARI","sawsanavillalari","05302990941","",""
"SÜMBÜL HOUSE","sumbulhouse","05466253540","",""
"SAPANCA BAKIR DAĞ EVİ","@sapancabkr_dagevi","+905366129012","",""
"SHİNİNGORE SAPANCA","shiningoresapanca","05323694149","",""
"MİNA HOUSE SAPANCA","minahousesapanca","05465231540","",""
"VİLLA CHERRY SAPANCA","villa_cherry_sapanca","05308700871","",""
"SAFİR SAPANCA VİLLAS","safirsapancavillas","05491005400","",""
"NAİLİYE DAĞ EVLERİ SAPANCA","nailiyedagevlerisapanca","05321130388","",""
"SAPANCA ÇARK TAŞ EV","@sapancarktasev","+905336851655","",""
"BG SAPANCA","@bgsapanca","+905320150154","",""
"WORLDCLASS","","+905356286740","",""
"VİTAL HOME SAPANCA","vitalhomesapanca","05323530885","",""
"SAPANCA AĞAÇ EVLER","@sapancaagacevler","+905304114454","",""
"SAPANCA VİLLA İPEKYOL","sapancavillaipekyol","05370430402","",""
"ZİRVE KONAK RESORT","zirve_konak_resort","05344472238","",""
"MJORASTE SAPANCA BOUTİGUE VİLLAS","mjorastesapanca","905326487454","",""
"SAPANCA ATLI KÖŞK VİLLA","atlikoskvilla","08503089552","",""
"SAPANCA TANURA VİLLA","sapancatanuravilla","05347161364","",""
"SAPANCA HOT ICE VİLLA BUNGALOV","sapancahot_icehouse","05528130510","",""
"VİLLA YAZ SAPANCA","villayazsapanca","05330876809","",""
"MEHMET BEY VİLLALARI","mehmetbeybungovilla","05434901061","",""
"DOKTORUN EVİ","@doktorunevi1","+905325457682","",""
"SAPANCA KİANA KONAKLAMA","sapancakianakonaklama","05322909143","",""
"SAPANCA SEYRU SEFA VİLLA","sapancaseyrusefavilla","05326988541","",""
"SAPANCA ROYAL PALACE VİLLA","sapanca_royalpalace","","",""
"SAPANCA AYNALI VİLLA","sapancaaynalivilla","05075344154","",""
"TERRACE EVLERİ","@terrace_evleri","+905340346979","",""
"SAPANCA DOĞA EVLERİ","@sapancadogaevleri","+905325026861","",""
"YILDIZ FAMİLY VİLLAGE SAPANCA- AİLELERE ÖZEL","yildizvillage","05079675626","",""
"PERA HOUSE SAPANCA","@perahousesapanca","+905334995461","",""
"VİLLA ABUÇ SAPANCA","villaabuc","05075675451","",""
"VİLLA LAKE HARMONY SAPANCA  NİLYS HOUSE","lake_harmony","905331352694","",""
"POSADA SAPANCA","@posadasapanca","+905396864127","",""
"HAN HOUSE","@sapancahanhouse","+905335822454","",""
"VİLLA GÜNEŞ SAPANCA","villagunessapanca","05363757417","",""
"VİLLA BAHÇE","villabahce","05326951698","",""
"MY NATURAL VİLLA","mynaturalvilla","05332714977","",""
"ELMALI BAHÇE SAPANCA","@elmalibahcesapanca","+905079612830","",""
"MOHTİVİLLA BUNGALOV","","05315851043","",""
"ÖZ VİLLA SAPANCA","ozvillasapanca","05547205461","",""
"MELONE SAPANCA","@melonesapanca","+905548543054","",""
"ELEMENT SAPANCA","@elementsapanca","+905431909494","",""
"CHERRY HİLL VİLLAS","cherryhillvillas","908508501054","",""
"PAGO VİLLA SAPANCA","pagovilla","05550341100","",""
"SAPANCA VİLLA WHİTE & İNDİA BUNGALOV","sapancavillawhite","05308782784","",""
"SAPANCA MELİH VİLLA","sapanca_melih.villa","05066389460","",""
"SAPANCA IŞIKLI BAHÇE VİLLA & BUNGALOV","sapancaisiklibahce","05078564121","",""
"MERCAN VİLLAM","mercanvillam","05326810646","",""
"KIRKPINAR GÖL YOLU EVLERİ","golyoluevleri","05309327141","",""
"YAKUT VİLLAS","yakutvillas","05327237706","",""
"SAPANCABA VİLLAS","sapancaba","05325515441","",""
"SAPANCA TREE HOUSE","@sapancatreehouse","+905542830604","",""
"SAPANCA AŞİYAN KONAKLAMA","sapancasiyan54","05324318014","",""
"MERJAN SAPANCA","@merjansapanca","+905339173354","",""
"SAPANCA VİLLA KİVİ","sapancavillakivi","05336396254","",""
"TROPİCAL SAPANCA","tropicalsapanca","05332032823","",""
"VİLLA SEU","villa.seu","05427944414","",""
"SEÇKİN VİLLA BUNGALOV","seckinvillabungalov","05339628754","",""
"ALPHAN HOUSE","@alphanhouse","+905321733354","",""
"HOUSE OF TRİBECA HOTEL","houseoftribecahotel","05325753054","",""
"KOZAHAN DAĞ EVİ","@sapancakozahandagevi","+905423323081","",""
"YAKUT VİLLAM","yakut.villam","05333806973","",""
"BungoRise Bungalov","bungorise","05409950000","",""
"SAPANCA NATUREL STONE VİLLALARI","sapancanaturelstonevillalari","05469421637","",""
"SUNSET VİLLA BUNGALOV","sunsetvillabungalov","05542532779","",""
"VİLLA KEYİF SAPANCA","villakeyifsapanca","05547015381","",""
"The Red Witch Villa","@theredwitchboutiquehotelvilla","+905324082958","",""
"SAPANCA LAVENDER","@sapancalavender","+902645980204","",""
"VİLLA LİYA","villaliya2022","05336683837","",""
"THE BELLUS SAPANCA","@thebellussapanca","+905374939257","",""
"VİLLA VADİ","sapancavillavadi","05525344154","",""
"VİLLA MİMOZA SAPANCA","sapancavillamimoza","05335574165","",""
"BEGONVİL KONAKLAMA","begonvilkonaklama","05010703125","",""
"SAPANCA DEMİR DAĞ EVİ","sapancademirdagevi","05326046702","",""
"LOTUS VİLLA BUNGALOV","lotusvillabungalov","05333395098","",""
"VİLLA EGE SAPANCA","villa_ege_sapanca","05418008088","",""
"SAPANCA LOCA DAĞ EVİ","@sapancalocadagevi","+905451035454","",""
"ALYAS HAUS SAPANCA","@alyashaussapanca","+905334324954","",""
"KIRKPINAR LİFE VİLLA","kirkpinar_life","05370114348","",""
"SAPANCA VİLLA VADİ","ssvillavadi","05333590886","",""
"YEL DEĞİRMENİ VİLLALARI SAPANCA","villayeldegirmeni","05524605409","",""
"SAPANCA MAVİ VİLLA","sapancamavi","05332572027","",""
"4 MEVSİM DAĞ EVİ SAPANCA","4mevsimdagevisapanca","05367959480","",""
"VİLLA ARAS","villa.arass","05353999998","",""
"VİLLA HERMES SAPANCA","villahermessapanca","05399704797","",""
"BEGONVİL-LA&BUNGALOV","sapancabegonvilla","05325921043","",""
"SAPANCA VİLLA FİVESTAR","sapancavilla_fivestar","05541159784","",""
"SAPANCA SUNRİSE VİLLA - SUNRİSE BUNGALOW","sapancasunrisevilla_","05464273209","",""
"SAPANCA VİLLA MOONLİGHT","sapancavillamoonlight","05462460556","",""
"TABLO SAPANCA","@tablosapanca","+905324590654","",""
"CASA MİA AĞAÇ EVLERİ","sapancacasamiasuit","05304218017","",""
"BOSS VİLLA GARDEN","bossvillagarden","05307854554","",""
"BEST WESTERN PLUS SAPANCA","@bwhsapanca","+905459734636","",""
"SOFHAN KIRKPINAR","@sofhankirkpinar","+905306815555","",""
"VİLLA SAPANCA SARI EV","sapancakonukevi","05057854546","",""
"ŞENGÜL KONAKLAMA","sengulkonaklama","05302043461","",""
"VİLLA AZUL & VERDE","villaazulverdesapanca","05014804954","",""
"EİGHT SAPANCA","eightsapanca","05424200088","",""
"SAPANCA BİZİM EV","sapancabizimev","05334311918","",""
"NİL KONAKLAMA SAPANCA","nilkonaklamasapanca","05323798597","",""
"ERDİL VİLLA","erdilvilla","05331641043","",""
"AKNA DAĞ EVİ","@aknadagevi","+905313448486","",""
"SAPANCA ŞELALE VİLLA BUNGALOV","sapancaselalevillabungalov","05316299135","",""
"VİLLA BND SAPANCA","villabndsapanca","05300149884","",""
"VİLLA ALİ ASAF","villaaliasaf","05346019505","",""
"SAPANCA MODERN","@sapancamodern","+905320674068","",""
"HİDDEN GARDEN VİLLA","hiddengardenvilla","05335010454","",""
"VİLLA MOYO","sapancavillamoyo","05324141770","",""
"OPİA SAPANCA","opiasapanca","05320543775","",""
"SAPANCA GREEN DOME","@sapancagreendome","+905055950354","",""
"SOON SAPANCA","@soonsapanca","+905303010078","",""
"HERMANOS GLAMPİNG DOME","hermanosglamping","05540100054","",""
"CORNER DOME SAPANCA","@cornerdomesapanca","+905437951734","",""
"ZUMBA GLAMPING SAPANCA","@zumba_glamping","+905422422354","",""
"SAPANCA GLAMPİNG","sapanca_glamping","05435362533","",""
"SAPANCA LAHZA GLAMPİNG","","05321343303","",""
"DOME 212 SAPANCA","@dome212sapanca","+905350229176","",""
"PHALESİA GLAMPİNG HOTEL & MEDİTATİON","phalesiasapanca","05421010008","",""
"WHİTEMOON","sapancawhitemoon","05453665454","",""
"NONİVA RESORT SAPANCA","nonivaresortsapanca","05322090658","",""
"ROLEDA GLAMPİNG","roledaglamping","05322521854","",""
"ÖZLİFE SAPANCA","ozlifesapanca","05315002794","",""
"S'MORE SAPANCA GLAMPİNG HOTEL","smoresapanca","905318637261","",""
"NİL'S DOME SAPANCA","nilsdome","05309103030","",""
"SAPANCA DOME GLAMPİNG","sapancadome","02646450141","",""
"FREE DOME SAPANCA","@sapancafreedome","+905456353627","",""
"HAURA SAPANCA","@haurasapanca","+905305442142","",""
"EVASİON SAPANCA","evasionsapanca","05301846979","",""
"MEGA GLAMPİNG","megaglampingsapanca","05379795333","",""
"ada garden sapanca","@adagardensapanca","+905326295505","",""
"Timeout Sapanca Glamping Dome","@timeoutsapanca","+905304692082","",""
"Bahne Bungalov","@bahanebungalow","+905422195799","",""
"Deco Home","@deco.home38","+905528398938","",""